Book	Skt_List	Chapter_my_name	ISTA_name	URL
1	[(1, None, None)]	1	Section I	https://www.sacred-texts.com/hin/m01/m01002.htm
1	[(2, None, None)]	2	Section II	https://www.sacred-texts.com/hin/m01/m01003.htm
1	[(3, None, None)]	3	Section III	https://www.sacred-texts.com/hin/m01/m01004.htm
1	[(4, None, None)]	4	Section IV	https://www.sacred-texts.com/hin/m01/m01005.htm
1	[(5, None, None)]	5	Section V	https://www.sacred-texts.com/hin/m01/m01006.htm
1	[(6, None, None)]	6	Section VI	https://www.sacred-texts.com/hin/m01/m01007.htm
1	[(7, None, None)]	7	Section VII	https://www.sacred-texts.com/hin/m01/m01008.htm
1	[(8, None, None)]	8	Section VIII	https://www.sacred-texts.com/hin/m01/m01009.htm
1	[(9, None, None)]	9	Section IX	https://www.sacred-texts.com/hin/m01/m01010.htm
1	[(10, None, None)]	10	Section X	https://www.sacred-texts.com/hin/m01/m01011.htm
1	[(11, None, None)]	11	Section XI	https://www.sacred-texts.com/hin/m01/m01012.htm
1	[(12, None, None)]	12	Section XII	https://www.sacred-texts.com/hin/m01/m01013.htm
1	[(13, '1', '28')]	13	Section XIII	https://www.sacred-texts.com/hin/m01/m01014.htm
1	[(13, '29', '34')]	14	Section XIV	https://www.sacred-texts.com/hin/m01/m01015.htm
1	[(13, '35', '45')]	15	Section XV	https://www.sacred-texts.com/hin/m01/m01016.htm
1	[(14, None, None)]	16	Section XVI	https://www.sacred-texts.com/hin/m01/m01017.htm
1	[(15, None, None)]	17	Section XVII	https://www.sacred-texts.com/hin/m01/m01018.htm
1	[(16, None, None)]	18	Section XVIII	https://www.sacred-texts.com/hin/m01/m01019.htm
1	[(17, None, None)]	19	Section XIX	https://www.sacred-texts.com/hin/m01/m01020.htm
1	[(18, None, None)]	20	Section XX	https://www.sacred-texts.com/hin/m01/m01021.htm
1	[(19, '1', '16')]	21	Section XXI	https://www.sacred-texts.com/hin/m01/m01022.htm
1	[(19, '17', '17')]	22	Section XXII	https://www.sacred-texts.com/hin/m01/m01023.htm
1	[(20, None, None)]	23	Section XXIII	https://www.sacred-texts.com/hin/m01/m01024.htm
1	[]	24	Section XXIV	https://www.sacred-texts.com/hin/m01/m01025.htm
1	[(21, None, None)]	25	Section XXV	https://www.sacred-texts.com/hin/m01/m01026.htm
1	[(22, None, None)]	26	Section XXVI	https://www.sacred-texts.com/hin/m01/m01027.htm
1	[(23, None, None)]	27	Section XXVII	https://www.sacred-texts.com/hin/m01/m01028.htm
1	[(24, None, None)]	28	Section XXVIII	https://www.sacred-texts.com/hin/m01/m01029.htm
1	[(25, None, None)]	29	Section XXIX	https://www.sacred-texts.com/hin/m01/m01030.htm
1	[(26, None, None)]	30	Section XXX	https://www.sacred-texts.com/hin/m01/m01031.htm
1	[(27, None, None)]	31	Section XXXI	https://www.sacred-texts.com/hin/m01/m01032.htm
1	[(28, None, None)]	32	Section XXXII	https://www.sacred-texts.com/hin/m01/m01033.htm
1	[(29, None, None)]	33	Section XXXIII	https://www.sacred-texts.com/hin/m01/m01034.htm
1	[(30, None, None)]	34	Section XXXIV	https://www.sacred-texts.com/hin/m01/m01035.htm
1	[(31, None, None)]	35	Section XXXV	https://www.sacred-texts.com/hin/m01/m01036.htm
1	[(32, None, None)]	36	Section XXXVI	https://www.sacred-texts.com/hin/m01/m01037.htm
1	[(33, None, None)]	37	Section XXXVII	https://www.sacred-texts.com/hin/m01/m01038.htm
1	[(34, None, None)]	38	Section XXXVIII	https://www.sacred-texts.com/hin/m01/m01039.htm
1	[(35, None, None)]	39	Section XXXIX	https://www.sacred-texts.com/hin/m01/m01040.htm
1	[(36, None, None)]	40	Section XL	https://www.sacred-texts.com/hin/m01/m01041.htm
1	[(37, None, None)]	41	Section XLI	https://www.sacred-texts.com/hin/m01/m01042.htm
1	[(38, None, None)]	42	Section XLII	https://www.sacred-texts.com/hin/m01/m01043.htm
1	[(39, None, None)]	43	Section XLIII	https://www.sacred-texts.com/hin/m01/m01044.htm
1	[(40, None, None)]	44	Section XLIV	https://www.sacred-texts.com/hin/m01/m01045.htm
1	[(41, None, None)]	45	Section XLV	https://www.sacred-texts.com/hin/m01/m01046.htm
1	[(42, None, None)]	46	Section XLVI	https://www.sacred-texts.com/hin/m01/m01047.htm
1	[(43, None, None)]	47	Section XLVII	https://www.sacred-texts.com/hin/m01/m01048.htm
1	[(44, None, None)]	48	Section XLVIII	https://www.sacred-texts.com/hin/m01/m01049.htm
1	[(45, None, None)]	49	Section XLIX	https://www.sacred-texts.com/hin/m01/m01050.htm
1	[(46, None, None)]	50	Section L	https://www.sacred-texts.com/hin/m01/m01051.htm
1	[(47, '1', '16')]	51	Section LI	https://www.sacred-texts.com/hin/m01/m01052.htm
1	[(47, '17', '25')]	52	Section LII	https://www.sacred-texts.com/hin/m01/m01053.htm
1	[(48, None, None)]	53	Section LIII	https://www.sacred-texts.com/hin/m01/m01054.htm
1	[(49, None, None)]	54	Section LIV	https://www.sacred-texts.com/hin/m01/m01055.htm
1	[(50, None, None)]	55	Section LV	https://www.sacred-texts.com/hin/m01/m01056.htm
1	[(51, None, None)]	56	Section LVI	https://www.sacred-texts.com/hin/m01/m01057.htm
1	[(52, None, None)]	57	Section LVII	https://www.sacred-texts.com/hin/m01/m01058.htm
1	[(53, '1', '26')]	58	Section LVIII	https://www.sacred-texts.com/hin/m01/m01059.htm
1	[(53, '27', '36')]	59	Section LIX	https://www.sacred-texts.com/hin/m01/m01060.htm
1	[(54, None, None)]	60	Section LX	https://www.sacred-texts.com/hin/m01/m01061.htm
1	[(55, None, None)]	61	Section LXI	https://www.sacred-texts.com/hin/m01/m01062.htm
1	[(56, None, None)]	62	Section LXII	https://www.sacred-texts.com/hin/m01/m01063.htm
1	[(57, None, None)]	63	Section LXIII	https://www.sacred-texts.com/hin/m01/m01064.htm
1	[(58, None, None)]	64	Section LXIV	https://www.sacred-texts.com/hin/m01/m01065.htm
1	[(59, None, None)]	65	Section LXV	https://www.sacred-texts.com/hin/m01/m01066.htm
1	[(60, None, None)]	66	Section LXVI	https://www.sacred-texts.com/hin/m01/m01067.htm
1	[(61, None, None)]	67	Section LXVII	https://www.sacred-texts.com/hin/m01/m01068.htm
1	[(62, None, None)]	68	Section LXVIII	https://www.sacred-texts.com/hin/m01/m01069.htm
1	[(63, None, None)]	69	Section LXIX	https://www.sacred-texts.com/hin/m01/m01070.htm
1	[(64, None, None)]	70	Section LXX	https://www.sacred-texts.com/hin/m01/m01071.htm
1	[(65, None, None)]	71	Section LXXI	https://www.sacred-texts.com/hin/m01/m01072.htm
1	[(66, None, None)]	72	Section LXXII	https://www.sacred-texts.com/hin/m01/m01073.htm
1	[(67, None, None)]	73	Section LXXIII	https://www.sacred-texts.com/hin/m01/m01074.htm
1	[(68, None, None), (69, None, None)]	74	Section LXXIV	https://www.sacred-texts.com/hin/m01/m01075.htm
1	[(70, None, None)]	75	Section LXXV	https://www.sacred-texts.com/hin/m01/m01076.htm
1	[(71, None, None)]	76	Section LXXVI	https://www.sacred-texts.com/hin/m01/m01077.htm
1	[(72, None, None)]	77	Section LXXVII	https://www.sacred-texts.com/hin/m01/m01078.htm
1	[(73, None, None)]	78	Section LXXVIII	https://www.sacred-texts.com/hin/m01/m01079.htm
1	[(74, None, None)]	79	Section LXXIX	https://www.sacred-texts.com/hin/m01/m01080.htm
1	[(75, None, None)]	80	Section LXXX	https://www.sacred-texts.com/hin/m01/m01081.htm
1	[(76, None, None)]	81	Section LXXXI	https://www.sacred-texts.com/hin/m01/m01082.htm
1	[(77, None, None)]	82	Section LXXXII	https://www.sacred-texts.com/hin/m01/m01083.htm
1	[(78, None, None)]	83	Section LXXXIII	https://www.sacred-texts.com/hin/m01/m01084.htm
1	[(79, None, None)]	84	Section LXXXIV	https://www.sacred-texts.com/hin/m01/m01085.htm
1	[(80, None, None)]	85	Section LXXXV	https://www.sacred-texts.com/hin/m01/m01086.htm
1	[(81, None, None)]	86	Section LXXXVI	https://www.sacred-texts.com/hin/m01/m01087.htm
1	[(82, None, None)]	87	Section LXXXVII	https://www.sacred-texts.com/hin/m01/m01088.htm
1	[(83, None, None)]	88	Section LXXXVIII	https://www.sacred-texts.com/hin/m01/m01089.htm
1	[(84, None, None)]	89	Section LXXXIX	https://www.sacred-texts.com/hin/m01/m01090.htm
1	[(85, None, None)]	90	Section XC	https://www.sacred-texts.com/hin/m01/m01091.htm
1	[(86, None, None)]	91	Section XCI	https://www.sacred-texts.com/hin/m01/m01092.htm
1	[(87, None, None)]	92	Section XCII	https://www.sacred-texts.com/hin/m01/m01093.htm
1	[(88, None, None)]	93	Section XCIII	https://www.sacred-texts.com/hin/m01/m01094.htm
1	[(89, None, None)]	94	Section XCIV	https://www.sacred-texts.com/hin/m01/m01095.htm
1	[(90, None, None)]	95	Section XCV	https://www.sacred-texts.com/hin/m01/m01096.htm
1	[(91, None, None)]	96	Section XCVI	https://www.sacred-texts.com/hin/m01/m01097.htm
1	[(92, '1', '31')]	97	Section XCVII	https://www.sacred-texts.com/hin/m01/m01098.htm
1	[(92, '32', '55')]	98	Section XCVIII	https://www.sacred-texts.com/hin/m01/m01099.htm
1	[(93, None, None)]	99	Section XCIX	https://www.sacred-texts.com/hin/m01/m01100.htm
1	[(94, None, None)]	100	Section C	https://www.sacred-texts.com/hin/m01/m01101.htm
1	[(95, None, None)]	101	Section CI	https://www.sacred-texts.com/hin/m01/m01102.htm
1	[(96, None, None)]	102	Section CII	https://www.sacred-texts.com/hin/m01/m01103.htm
1	[(97, None, None)]	103	Section CIII	https://www.sacred-texts.com/hin/m01/m01104.htm
1	[(98, None, None)]	104	Section CIV	https://www.sacred-texts.com/hin/m01/m01105.htm
1	[(99, None, None)]	105	Section CV	https://www.sacred-texts.com/hin/m01/m01106.htm
1	[(100, None, None)]	106	Section CVI	https://www.sacred-texts.com/hin/m01/m01107.htm
1	[(101, '1', '15')]	107	Section CVII	https://www.sacred-texts.com/hin/m01/m01108.htm
1	[(101, '16', '28')]	108	Section CVIII	https://www.sacred-texts.com/hin/m01/m01109.htm
1	[(102, None, None)]	109	Section CIX	https://www.sacred-texts.com/hin/m01/m01110.htm
1	[(103, None, None)]	110	Section CX	https://www.sacred-texts.com/hin/m01/m01111.htm
1	[(104, None, None)]	111	Section CXI	https://www.sacred-texts.com/hin/m01/m01112.htm
1	[(105, '1', '3')]	112	Section CXII	https://www.sacred-texts.com/hin/m01/m01113.htm
1	[(105, '4', '27')]	113	Section CXIII	https://www.sacred-texts.com/hin/m01/m01114.htm
1	[(106, None, None)]	114	Section CXIV	https://www.sacred-texts.com/hin/m01/m01115.htm
1	[(107, None, None)]	115	Section CXV	https://www.sacred-texts.com/hin/m01/m01116.htm
1	[]	116	Section CXVI	https://www.sacred-texts.com/hin/m01/m01117.htm
1	[(108, None, None)]	117	Section CXVII	https://www.sacred-texts.com/hin/m01/m01118.htm
1	[(109, None, None)]	118	Section CXVIII	https://www.sacred-texts.com/hin/m01/m01119.htm
1	[(110, None, None)]	119	Section CXIX	https://www.sacred-texts.com/hin/m01/m01120.htm
1	[(111, None, None)]	120	Section CXX	https://www.sacred-texts.com/hin/m01/m01121.htm
1	[(112, None, None)]	121	Section CXXI	https://www.sacred-texts.com/hin/m01/m01122.htm
1	[(113, None, None)]	122	Section CXXII	https://www.sacred-texts.com/hin/m01/m01123.htm
1	[(114, None, None)]	123	Section CXXIII	https://www.sacred-texts.com/hin/m01/m01124.htm
1	[(115, None, None)]	124	Section CXXIV	https://www.sacred-texts.com/hin/m01/m01125.htm
1	[(116, None, None)]	125	Section CXXV	https://www.sacred-texts.com/hin/m01/m01126.htm
1	[(117, None, None)]	126	Section CXXVI	https://www.sacred-texts.com/hin/m01/m01127.htm
1	[(118, None, None)]	127	Section CXXVII	https://www.sacred-texts.com/hin/m01/m01128.htm
1	[(119, '1', '34')]	128	Section CXXVIII	https://www.sacred-texts.com/hin/m01/m01129.htm
1	[(119, '35', '38')]	128gap129	Gap!	NOPE
1	[(119, '39', '43')]	129	Section CXXIX	https://www.sacred-texts.com/hin/m01/m01130.htm
1	[(120, None, None)]	130	Section CXXX	https://www.sacred-texts.com/hin/m01/m01131.htm
1	[(121, None, None)]	131	Section CXXXI	https://www.sacred-texts.com/hin/m01/m01132.htm
1	[(122, '1', '11')]	132	Section CXXXII	https://www.sacred-texts.com/hin/m01/m01133.htm
1	[(122, '12', '40')]	133	Section CXXXIII	https://www.sacred-texts.com/hin/m01/m01134.htm
1	[(122, '41', '47'), (123, '1', '57')]	134	Section CXXXIV	https://www.sacred-texts.com/hin/m01/m01135.htm
1	[(123, '58', '78')]	135	Section CXXXV	https://www.sacred-texts.com/hin/m01/m01136.htm
1	[(124, None, None)]	136	Section CXXXVI	https://www.sacred-texts.com/hin/m01/m01137.htm
1	[(125, None, None)]	137	Section CXXXVII	https://www.sacred-texts.com/hin/m01/m01138.htm
1	[(126, None, None)]	138	Section CXXXVIII	https://www.sacred-texts.com/hin/m01/m01139.htm
1	[(127, None, None)]	139	Section CXXXIX	https://www.sacred-texts.com/hin/m01/m01140.htm
1	[(128, None, None)]	140	Section CXL	https://www.sacred-texts.com/hin/m01/m01141.htm
1	[]	141	Section CXLI	https://www.sacred-texts.com/hin/m01/m01142.htm
1	[]	142	Section CXLII	https://www.sacred-texts.com/hin/m01/m01143.htm
1	[(129, None, None)]	143	Section CXLIII	https://www.sacred-texts.com/hin/m01/m01144.htm
1	[(130, None, None)]	144	Section CXLIV	https://www.sacred-texts.com/hin/m01/m01145.htm
1	[(131, None, None)]	145	Section CXLV	https://www.sacred-texts.com/hin/m01/m01146.htm
1	[(132, None, None)]	146	Section CXLVI	https://www.sacred-texts.com/hin/m01/m01147.htm
1	[(133, None, None)]	147	Section CXLVII	https://www.sacred-texts.com/hin/m01/m01148.htm
1	[(134, None, None)]	148	Section CXLVIII	https://www.sacred-texts.com/hin/m01/m01149.htm
1	[(135, None, None)]	149	Section CXLIX	https://www.sacred-texts.com/hin/m01/m01150.htm
1	[(136, None, None)]	150	Section CL	https://www.sacred-texts.com/hin/m01/m01151.htm
1	[]	151	Section CLI	https://www.sacred-texts.com/hin/m01/m01152.htm
1	[(137, None, None)]	152	Section CLII	https://www.sacred-texts.com/hin/m01/m01153.htm
1	[(138, None, None)]	153	Section CLIII	https://www.sacred-texts.com/hin/m01/m01154.htm
1	[(139, None, None)]	154	Section CLIV	https://www.sacred-texts.com/hin/m01/m01155.htm
1	[(140, None, None), (141, None, None)]	155	Section CLV	https://www.sacred-texts.com/hin/m01/m01156.htm
1	[(142, None, None)]	156	Section CLVI	https://www.sacred-texts.com/hin/m01/m01157.htm
1	[(143, None, None)]	157	Section CLVII	https://www.sacred-texts.com/hin/m01/m01158.htm
1	[(144, None, None)]	158	Section CLVIII	https://www.sacred-texts.com/hin/m01/m01159.htm
1	[(145, None, None)]	159	Section CLIX	https://www.sacred-texts.com/hin/m01/m01160.htm
1	[(146, None, None)]	160	Section CLX	https://www.sacred-texts.com/hin/m01/m01161.htm
1	[(147, None, None)]	161	Section CLXI	https://www.sacred-texts.com/hin/m01/m01162.htm
1	[(148, None, None)]	162	Section CLXII	https://www.sacred-texts.com/hin/m01/m01163.htm
1	[(149, None, None)]	163	Section CLXIII	https://www.sacred-texts.com/hin/m01/m01164.htm
1	[(150, '1', '25')]	164	Section CLXIV	https://www.sacred-texts.com/hin/m01/m01165.htm
1	[(150, '26', '27'), (151, None, None)]	165	Section CLXV	https://www.sacred-texts.com/hin/m01/m01166.htm
1	[(152, None, None)]	166	Section CLXVI	https://www.sacred-texts.com/hin/m01/m01167.htm
1	[(153, None, None)]	167	Section CLXVII	https://www.sacred-texts.com/hin/m01/m01168.htm
1	[(154, None, None)]	168	Section CLXVIII	https://www.sacred-texts.com/hin/m01/m01169.htm
1	[(155, None, None)]	169	Section CLXIX	https://www.sacred-texts.com/hin/m01/m01170.htm
1	[(156, '1', '9')]	170	Section CLXX	https://www.sacred-texts.com/hin/m01/m01171.htm
1	[(156, '10', '11'), (157, None, None)]	171	Section CLXXI	https://www.sacred-texts.com/hin/m01/m01172.htm
1	[(158, None, None), (159, None, None)]	172	Section CLXXII	https://www.sacred-texts.com/hin/m01/m01173.htm
1	[(160, None, None)]	173	Section CLXXIII	https://www.sacred-texts.com/hin/m01/m01174.htm
1	[(161, None, None)]	174	Section CLXXIV	https://www.sacred-texts.com/hin/m01/m01175.htm
1	[(162, None, None), (163, None, None)]	175	Section CLXXV	https://www.sacred-texts.com/hin/m01/m01176.htm
1	[(164, None, None)]	176	Section CLXXVI	https://www.sacred-texts.com/hin/m01/m01177.htm
1	[(165, None, None)]	177	Section CLXXVII	https://www.sacred-texts.com/hin/m01/m01178.htm
1	[(166, None, None)]	178	Section CLXXVIII	https://www.sacred-texts.com/hin/m01/m01179.htm
1	[(167, None, None), (168, None, None)]	179	Section CLXXIX	https://www.sacred-texts.com/hin/m01/m01180.htm
1	[(169, None, None)]	180	Section CLXXX	https://www.sacred-texts.com/hin/m01/m01181.htm
1	[(170, None, None)]	181	Section CLXXXI	https://www.sacred-texts.com/hin/m01/m01182.htm
1	[(171, None, None)]	182	Section CLXXXII	https://www.sacred-texts.com/hin/m01/m01183.htm
1	[(172, None, None)]	183	Section CLXXXIII	https://www.sacred-texts.com/hin/m01/m01184.htm
1	[(173, None, None)]	184	Section CLXXXIV	https://www.sacred-texts.com/hin/m01/m01185.htm
1	[(174, None, None)]	185	Section CLXXXV	https://www.sacred-texts.com/hin/m01/m01186.htm
1	[(175, None, None)]	186	Section CLXXXVI	https://www.sacred-texts.com/hin/m01/m01187.htm
1	[(176, None, None)]	187	Section CLXXXVII	https://www.sacred-texts.com/hin/m01/m01188.htm
1	[(177, None, None)]	188	Section CLXXXVIII	https://www.sacred-texts.com/hin/m01/m01189.htm
1	[(178, None, None)]	189	Section CLXXXIX	https://www.sacred-texts.com/hin/m01/m01190.htm
1	[(179, None, None)]	190	Section CLXL	https://www.sacred-texts.com/hin/m01/m01191.htm
1	[(180, None, None)]	191	Section CLXLI	https://www.sacred-texts.com/hin/m01/m01192.htm
1	[(181, None, None)]	192	Section CLXLII	https://www.sacred-texts.com/hin/m01/m01193.htm
1	[(182, None, None), (183, None, None)]	193	Section CLXLIII	https://www.sacred-texts.com/hin/m01/m01194.htm
1	[(184, None, None)]	194	Section CLXLIV	https://www.sacred-texts.com/hin/m01/m01195.htm
1	[(185, None, None)]	195	Section CLXLV	https://www.sacred-texts.com/hin/m01/m01196.htm
1	[(186, None, None)]	196	Section CLXLVI	https://www.sacred-texts.com/hin/m01/m01197.htm
1	[(187, None, None)]	197	Section CLXLVII	https://www.sacred-texts.com/hin/m01/m01198.htm
1	[(188, None, None)]	198	Section CLXLVIII	https://www.sacred-texts.com/hin/m01/m01199.htm
1	[(189, None, None)]	199	Section CLXLIX	https://www.sacred-texts.com/hin/m01/m01200.htm
1	[(190, None, None)]	200	Section CC	https://www.sacred-texts.com/hin/m01/m01201.htm
1	[(191, None, None)]	201	Section CCI	https://www.sacred-texts.com/hin/m01/m01202.htm
1	[(192, None, None)]	202	Section CCII	https://www.sacred-texts.com/hin/m01/m01203.htm
1	[(193, None, None)]	203	Section CCIII	https://www.sacred-texts.com/hin/m01/m01204.htm
1	[(194, None, None)]	204	Section CCIV	https://www.sacred-texts.com/hin/m01/m01205.htm
1	[(195, None, None)]	205	Section CCV	https://www.sacred-texts.com/hin/m01/m01206.htm
1	[(196, None, None)]	206	Section CCVI	https://www.sacred-texts.com/hin/m01/m01207.htm
1	[(197, None, None)]	207	Section CCVII	https://www.sacred-texts.com/hin/m01/m01208.htm
1	[(198, None, None)]	208	Section CCVIII	https://www.sacred-texts.com/hin/m01/m01209.htm
1	[(199, None, None)]	209	Section CCIX	https://www.sacred-texts.com/hin/m01/m01210.htm
1	[(200, None, None)]	210	Section CCX	https://www.sacred-texts.com/hin/m01/m01211.htm
1	[(201, None, None)]	211	Section CCXI	https://www.sacred-texts.com/hin/m01/m01212.htm
1	[(202, None, None)]	212	Section CCXII	https://www.sacred-texts.com/hin/m01/m01213.htm
1	[(203, None, None)]	213	Section CCXIII	https://www.sacred-texts.com/hin/m01/m01214.htm
1	[(204, None, None)]	214	Section CCXIV	https://www.sacred-texts.com/hin/m01/m01215.htm
1	[(205, None, None)]	215	Section CCXV	https://www.sacred-texts.com/hin/m01/m01216.htm
1	[(206, None, None)]	216	Section CCXVI	https://www.sacred-texts.com/hin/m01/m01217.htm
1	[(207, None, None)]	217	Section CCXVII	https://www.sacred-texts.com/hin/m01/m01218.htm
1	[(208, None, None)]	218	Section CCXVIII	https://www.sacred-texts.com/hin/m01/m01219.htm
1	[(209, None, None)]	219	Section CCXIX	https://www.sacred-texts.com/hin/m01/m01220.htm
1	[(210, None, None)]	220	Section CCXX	https://www.sacred-texts.com/hin/m01/m01221.htm
1	[(211, None, None)]	221	Section CCXXI	https://www.sacred-texts.com/hin/m01/m01222.htm
1	[(212, None, None)]	222	Section CCXXII	https://www.sacred-texts.com/hin/m01/m01223.htm
1	[(213, None, None)]	223	Section CCXXIII	https://www.sacred-texts.com/hin/m01/m01224.htm
1	[(214, None, None)]	224	Section CCXXIV	https://www.sacred-texts.com/hin/m01/m01225.htm
1	[(215, '1', '11')]	225	Section CCXXV	https://www.sacred-texts.com/hin/m01/m01226.htm
1	[(215, '12', '19')]	226	Section CCXXVI	https://www.sacred-texts.com/hin/m01/m01227.htm
1	[(216, None, None)]	227	Section CCXXVII	https://www.sacred-texts.com/hin/m01/m01228.htm
1	[(217, None, None)]	228	Section CCXXVIII	https://www.sacred-texts.com/hin/m01/m01229.htm
1	[(218, None, None)]	229	Section CCXXIX	https://www.sacred-texts.com/hin/m01/m01230.htm
1	[(219, None, None)]	230	Section CCXXX	https://www.sacred-texts.com/hin/m01/m01231.htm
1	[(220, None, None)]	231	Section CCXXXI	https://www.sacred-texts.com/hin/m01/m01232.htm
1	[(221, None, None)]	232	Section CCXXXII	https://www.sacred-texts.com/hin/m01/m01233.htm
1	[(222, None, None)]	233	Section CCXXXIII	https://www.sacred-texts.com/hin/m01/m01234.htm
1	[(223, None, None)]	234	Section CCXXXIV	https://www.sacred-texts.com/hin/m01/m01235.htm
1	[(224, None, None)]	235	Section CCXXXV	https://www.sacred-texts.com/hin/m01/m01236.htm
1	[(225, None, None)]	236	Section CCXXXVI	https://www.sacred-texts.com/hin/m01/m01237.htm
2	[(1, None, None)]	1	Section I	https://www.sacred-texts.com/hin/m02/m02001.htm
2	[(2, None, None)]	2	Section II	https://www.sacred-texts.com/hin/m02/m02002.htm
2	[(3, None, None)]	3	Section III	https://www.sacred-texts.com/hin/m02/m02003.htm
2	[(4, None, None)]	4	Section IV	https://www.sacred-texts.com/hin/m02/m02004.htm
2	[(5, None, None)]	5	Section V	https://www.sacred-texts.com/hin/m02/m02005.htm
2	[(6, None, None)]	6	Section VI	https://www.sacred-texts.com/hin/m02/m02006.htm
2	[(7, None, None)]	7	Section VII	https://www.sacred-texts.com/hin/m02/m02007.htm
2	[(8, None, None)]	8	Section VIII	https://www.sacred-texts.com/hin/m02/m02008.htm
2	[(9, None, None)]	9	Section IX	https://www.sacred-texts.com/hin/m02/m02009.htm
2	[(10, None, None)]	10	Section X	https://www.sacred-texts.com/hin/m02/m02010.htm
2	[(11, '1', '42')]	11	Section XI	https://www.sacred-texts.com/hin/m02/m02011.htm
2	[(11, '43', '73')]	12	Section XII	https://www.sacred-texts.com/hin/m02/m02012.htm
2	[(12, None, None)]	13	Section XIII	https://www.sacred-texts.com/hin/m02/m02013.htm
2	[(13, None, None)]	14	Section XIV	https://www.sacred-texts.com/hin/m02/m02014.htm
2	[(14, None, None)]	15	Section XV	https://www.sacred-texts.com/hin/m02/m02015.htm
2	[(15, None, None)]	16	Section XVI	https://www.sacred-texts.com/hin/m02/m02016.htm
2	[(16, None, None)]	17	Section XVII	https://www.sacred-texts.com/hin/m02/m02017.htm
2	[(17, '1', '7')]	18	Section XVIII	https://www.sacred-texts.com/hin/m02/m02018.htm
2	[(17, '8', '27')]	19	Section XIX	https://www.sacred-texts.com/hin/m02/m02019.htm
2	[(18, None, None)]	20	Section XX	https://www.sacred-texts.com/hin/m02/m02020.htm
2	[(19, None, None)]	21	Section XXI	https://www.sacred-texts.com/hin/m02/m02021.htm
2	[(20, None, None)]	22	Section XXII	https://www.sacred-texts.com/hin/m02/m02022.htm
2	[(21, None, None)]	23	Section XXIII	https://www.sacred-texts.com/hin/m02/m02023.htm
2	[(22, None, None)]	24	Section XXIV	https://www.sacred-texts.com/hin/m02/m02024.htm
2	[(23, '1', '10')]	25	Section XXV	https://www.sacred-texts.com/hin/m02/m02025.htm
2	[(23, '11', '26')]	25b	Section XXVI	NOPE/m02/m02025b.htm
2	[(24, None, None)]	26	Section XXVI	https://www.sacred-texts.com/hin/m02/m02026.htm
2	[(25, None, None)]	27	Section XXVII	https://www.sacred-texts.com/hin/m02/m02027.htm
2	[(26, None, None)]	28	Section XXVIII	https://www.sacred-texts.com/hin/m02/m02028.htm
2	[(27, None, None)]	29	Section XXIX	https://www.sacred-texts.com/hin/m02/m02029.htm
2	[(28, None, None)]	30	Section XXX	https://www.sacred-texts.com/hin/m02/m02030.htm
2	[(29, None, None)]	31	Section XXXI	https://www.sacred-texts.com/hin/m02/m02031.htm
2	[(30, None, None)]	32	Section XXXII	https://www.sacred-texts.com/hin/m02/m02032.htm
2	[(31, None, None)]	33	Section XXXIII	https://www.sacred-texts.com/hin/m02/m02033.htm
2	[(32, None, None)]	34	Section XXXIV	https://www.sacred-texts.com/hin/m02/m02034.htm
2	[(33, None, None)]	35	Section XXXV	https://www.sacred-texts.com/hin/m02/m02035.htm
2	[(34, None, None)]	36	Section XXXVI	https://www.sacred-texts.com/hin/m02/m02036.htm
2	[(35, None, None)]	37	Section XXXVII	https://www.sacred-texts.com/hin/m02/m02037.htm
2	[(36, None, None)]	38	Section XXXVIII	https://www.sacred-texts.com/hin/m02/m02038.htm
2	[(37, None, None)]	39	Section XXXIX	https://www.sacred-texts.com/hin/m02/m02039.htm
2	[(38, None, None)]	40	Section XL	https://www.sacred-texts.com/hin/m02/m02040.htm
2	[(39, None, None)]	41	Section XLI	https://www.sacred-texts.com/hin/m02/m02041.htm
2	[(40, None, None)]	42	Section XLII	https://www.sacred-texts.com/hin/m02/m02042.htm
2	[(41, None, None)]	43	Section XLIII	https://www.sacred-texts.com/hin/m02/m02043.htm
2	[(42, None, None)]	44	Section XLIV	https://www.sacred-texts.com/hin/m02/m02044.htm
2	[]	45	Section XLV	https://www.sacred-texts.com/hin/m02/m02045.htm
2	[(43, None, None)]	46	Section XLVI	https://www.sacred-texts.com/hin/m02/m02046.htm
2	[(44, None, None)]	47	Section XLVII	https://www.sacred-texts.com/hin/m02/m02047.htm
2	[(45, None, None)]	48	Section XLVIII	https://www.sacred-texts.com/hin/m02/m02048.htm
2	[(46, None, None)]	49	Section XLIX	https://www.sacred-texts.com/hin/m02/m02049.htm
2	[(47, None, None)]	50	Section L	https://www.sacred-texts.com/hin/m02/m02050.htm
2	[(48, None, None)]	51	Section LI	https://www.sacred-texts.com/hin/m02/m02051.htm
2	[(49, None, None)]	52	Section LII	https://www.sacred-texts.com/hin/m02/m02052.htm
2	[(50, '1', '9')]	53	Section LIII	https://www.sacred-texts.com/hin/m02/m02053.htm
2	[(50, '10', '28')]	54	Section LIV	https://www.sacred-texts.com/hin/m02/m02054.htm
2	[(51, '1', '21')]	55	Section LV	https://www.sacred-texts.com/hin/m02/m02055.htm
2	[(51, '22', '28')]	56	Section LVI	https://www.sacred-texts.com/hin/m02/m02056.htm
2	[(52, None, None)]	57	Section LVII	https://www.sacred-texts.com/hin/m02/m02057.htm
2	[(53, '1', '16')]	58	Section LVIII	https://www.sacred-texts.com/hin/m02/m02058.htm
2	[(53, '17', '25')]	59	Section LIX	https://www.sacred-texts.com/hin/m02/m02059.htm
2	[(54, None, None)]	60	Section LX	https://www.sacred-texts.com/hin/m02/m02060.htm
2	[(55, None, None)]	61	Section LXI	https://www.sacred-texts.com/hin/m02/m02061.htm
2	[(56, None, None)]	62	Section LXII	https://www.sacred-texts.com/hin/m02/m02062.htm
2	[(57, None, None)]	63	Section LXIII	https://www.sacred-texts.com/hin/m02/m02063.htm
2	[(58, None, None)]	64	Section LXIV	https://www.sacred-texts.com/hin/m02/m02064.htm
2	[(59, None, None)]	65	Section LXV	https://www.sacred-texts.com/hin/m02/m02065.htm
2	[(60, None, None)]	66	Section LXVI	https://www.sacred-texts.com/hin/m02/m02066.htm
2	[(61, None, None)]	67	Section LXVII	https://www.sacred-texts.com/hin/m02/m02067.htm
2	[(62, '1', '21')]	68	Section LXVIII	https://www.sacred-texts.com/hin/m02/m02068.htm
2	[(62, '22', '38')]	69	Section LXIX	https://www.sacred-texts.com/hin/m02/m02069.htm
2	[(63, None, None)]	70	Section LXX	https://www.sacred-texts.com/hin/m02/m02070.htm
2	[(64, None, None)]	71	Section LXXI	https://www.sacred-texts.com/hin/m02/m02071.htm
2	[(65, None, None)]	72	Section LXXII	https://www.sacred-texts.com/hin/m02/m02072.htm
2	[(66, '1', '27')]	73	Section LXXIII	https://www.sacred-texts.com/hin/m02/m02073.htm
2	[(66, '28', '37')]	74	Section LXXIV	https://www.sacred-texts.com/hin/m02/m02074.htm
2	[(67, None, None)]	75	Section LXXV	https://www.sacred-texts.com/hin/m02/m02075.htm
2	[(68, None, None)]	76	Section LXXVI	https://www.sacred-texts.com/hin/m02/m02076.htm
2	[(69, None, None)]	77	Section LXXVII	https://www.sacred-texts.com/hin/m02/m02077.htm
2	[(70, None, None)]	78	Section LXXVIII	https://www.sacred-texts.com/hin/m02/m02078.htm
2	[(71, None, None)]	79	Section LXXIX	https://www.sacred-texts.com/hin/m02/m02079.htm
2	[(72, None, None)]	80	Section LXXX	https://www.sacred-texts.com/hin/m02/m02080.htm
3	[(1, None, None)]	1	Section I	https://www.sacred-texts.com/hin/m03/m03001.htm
3	[(2, None, None)]	2	Section II	https://www.sacred-texts.com/hin/m03/m03002.htm
3	[(3, None, None), (4, None, None)]	3	Section III	https://www.sacred-texts.com/hin/m03/m03003.htm
3	[(5, None, None)]	4	Section IV	https://www.sacred-texts.com/hin/m03/m03004.htm
3	[(6, None, None)]	5	Section V	https://www.sacred-texts.com/hin/m03/m03005.htm
3	[(7, None, None)]	6	Section VI	https://www.sacred-texts.com/hin/m03/m03006.htm
3	[(8, None, None)]	7	Section VII	https://www.sacred-texts.com/hin/m03/m03007.htm
3	[(9, None, None)]	8	Section VIII	https://www.sacred-texts.com/hin/m03/m03008.htm
3	[(10, None, None)]	9	Section IX	https://www.sacred-texts.com/hin/m03/m03009.htm
3	[(11, None, None)]	10	Section X	https://www.sacred-texts.com/hin/m03/m03010.htm
3	[(12, None, None)]	11	Section XI	https://www.sacred-texts.com/hin/m03/m03011.htm
3	[(13, None, None)]	12	Section XII	https://www.sacred-texts.com/hin/m03/m03012.htm
3	[(14, None, None)]	13	Section XIII	https://www.sacred-texts.com/hin/m03/m03013.htm
3	[(15, None, None)]	14	Section XIV	https://www.sacred-texts.com/hin/m03/m03014.htm
3	[(16, None, None)]	15	Section XV	https://www.sacred-texts.com/hin/m03/m03015.htm
3	[(17, None, None)]	16	Section XVI	https://www.sacred-texts.com/hin/m03/m03016.htm
3	[(18, None, None)]	17	Section XVII	https://www.sacred-texts.com/hin/m03/m03017.htm
3	[(19, None, None)]	18	Section XVIII	https://www.sacred-texts.com/hin/m03/m03018.htm
3	[(20, None, None)]	19	Section XIX	https://www.sacred-texts.com/hin/m03/m03019.htm
3	[(21, None, None)]	20	Section XX	https://www.sacred-texts.com/hin/m03/m03020.htm
3	[(22, None, None)]	21	Section XXI	https://www.sacred-texts.com/hin/m03/m03021.htm
3	[(23, None, None)]	22	Section XXII	https://www.sacred-texts.com/hin/m03/m03022.htm
3	[(24, None, None)]	23	Section XXIII	https://www.sacred-texts.com/hin/m03/m03023.htm
3	[(25, None, None)]	24	Section XXIV	https://www.sacred-texts.com/hin/m03/m03024.htm
3	[(26, None, None)]	25	Section XXV	https://www.sacred-texts.com/hin/m03/m03025.htm
3	[(27, None, None)]	26	Section XXVI	https://www.sacred-texts.com/hin/m03/m03026.htm
3	[(28, None, None)]	27	Section XXVII	https://www.sacred-texts.com/hin/m03/m03027.htm
3	[(29, None, None)]	28	Section XXVIII	https://www.sacred-texts.com/hin/m03/m03028.htm
3	[(30, None, None)]	29	Section XXIX	https://www.sacred-texts.com/hin/m03/m03029.htm
3	[(31, None, None)]	30	Section XXX	https://www.sacred-texts.com/hin/m03/m03030.htm
3	[(32, None, None)]	31	Section XXXI	https://www.sacred-texts.com/hin/m03/m03031.htm
3	[(33, None, None)]	32	Section XXXII	https://www.sacred-texts.com/hin/m03/m03032.htm
3	[(34, None, None)]	33	Section XXXIII	https://www.sacred-texts.com/hin/m03/m03033.htm
3	[(35, None, None)]	34	Section XXXIV	https://www.sacred-texts.com/hin/m03/m03034.htm
3	[(36, None, None)]	35	Section XXXV	https://www.sacred-texts.com/hin/m03/m03035.htm
3	[(37, None, None)]	36	Section XXXVI	https://www.sacred-texts.com/hin/m03/m03036.htm
3	[(38, None, None)]	37	Section XXXVII	https://www.sacred-texts.com/hin/m03/m03037.htm
3	[(39, None, None)]	38	Section XXXVIII	https://www.sacred-texts.com/hin/m03/m03038.htm
3	[(40, None, None)]	39	Section XXXIX	https://www.sacred-texts.com/hin/m03/m03039.htm
3	[(41, None, None)]	40	Section XL	https://www.sacred-texts.com/hin/m03/m03040.htm
3	[(42, None, None)]	41	Section XLI	https://www.sacred-texts.com/hin/m03/m03041.htm
3	[(43, None, None)]	42	Section XLII	https://www.sacred-texts.com/hin/m03/m03042.htm
3	[(44, None, None)]	43	Section XLIII	https://www.sacred-texts.com/hin/m03/m03043.htm
3	[(45, '1', '8')]	44	Section XLIV	https://www.sacred-texts.com/hin/m03/m03044.htm
3	[]	45	Section XLV	https://www.sacred-texts.com/hin/m03/m03045.htm
3	[]	46	Section XLVI	https://www.sacred-texts.com/hin/m03/m03046.htm
3	[(45, '9', '38')]	47	Section XLVII	https://www.sacred-texts.com/hin/m03/m03047.htm
3	[(46, '1', '18')]	48	Section XLVIII	https://www.sacred-texts.com/hin/m03/m03048.htm
3	[(46, '19', '41')]	49	Section XLIX	https://www.sacred-texts.com/hin/m03/m03049.htm
3	[(47, None, None)]	50	Section L	https://www.sacred-texts.com/hin/m03/m03050.htm
3	[(48, None, None)]	51	Section LI	https://www.sacred-texts.com/hin/m03/m03051.htm
3	[(49, None, None)]	52	Section LII	https://www.sacred-texts.com/hin/m03/m03052.htm
3	[(50, None, None)]	53	Section LIII	https://www.sacred-texts.com/hin/m03/m03053.htm
3	[(51, None, None)]	54	Section LIV	https://www.sacred-texts.com/hin/m03/m03054.htm
3	[(52, None, None)]	55	Section LV	https://www.sacred-texts.com/hin/m03/m03055.htm
3	[(53, None, None)]	56	Section LVI	https://www.sacred-texts.com/hin/m03/m03056.htm
3	[(54, None, None)]	57	Section LVII	https://www.sacred-texts.com/hin/m03/m03057.htm
3	[(55, None, None)]	58	Section LVIII	https://www.sacred-texts.com/hin/m03/m03058.htm
3	[(56, None, None)]	59	Section LIX	https://www.sacred-texts.com/hin/m03/m03059.htm
3	[(57, None, None)]	60	Section LX	https://www.sacred-texts.com/hin/m03/m03060.htm
3	[(58, None, None)]	61	Section LXI	https://www.sacred-texts.com/hin/m03/m03061.htm
3	[(59, None, None)]	62	Section LXII	https://www.sacred-texts.com/hin/m03/m03062.htm
3	[(60, None, None)]	63	Section LXIII	https://www.sacred-texts.com/hin/m03/m03063.htm
3	[(61, None, None)]	64	Section LXIV	https://www.sacred-texts.com/hin/m03/m03064.htm
3	[(62, None, None)]	65	Section LXV	https://www.sacred-texts.com/hin/m03/m03065.htm
3	[(63, None, None)]	66	Section LXVI	https://www.sacred-texts.com/hin/m03/m03066.htm
3	[(64, None, None)]	67	Section LXVII	https://www.sacred-texts.com/hin/m03/m03067.htm
3	[(65, None, None)]	68	Section LXVIII	https://www.sacred-texts.com/hin/m03/m03068.htm
3	[(66, None, None), (67, None, None)]	69	Section LXIX	https://www.sacred-texts.com/hin/m03/m03069.htm
3	[(68, None, None)]	70	Section LXX	https://www.sacred-texts.com/hin/m03/m03070.htm
3	[(69, None, None)]	71	Section LXXI	https://www.sacred-texts.com/hin/m03/m03071.htm
3	[(70, None, None)]	72	Section LXXII	https://www.sacred-texts.com/hin/m03/m03072.htm
3	[(71, None, None)]	73	Section LXXIII	https://www.sacred-texts.com/hin/m03/m03073.htm
3	[(72, None, None)]	74	Section LXXIV	https://www.sacred-texts.com/hin/m03/m03074.htm
3	[(73, None, None)]	75	Section LXXV	https://www.sacred-texts.com/hin/m03/m03075.htm
3	[(74, None, None), (75, None, None)]	76	Section LXXVI	https://www.sacred-texts.com/hin/m03/m03076.htm
3	[(76, None, None)]	77	Section LXXVII	https://www.sacred-texts.com/hin/m03/m03077.htm
3	[(77, None, None)]	78	Section LXXVIII	https://www.sacred-texts.com/hin/m03/m03078.htm
3	[(78, None, None)]	79	Section LXXIX	https://www.sacred-texts.com/hin/m03/m03079.htm
3	[(79, None, None)]	80	Section LXXX	https://www.sacred-texts.com/hin/m03/m03080.htm
3	[(80, '1', '21')]	81	Section LXXXI	https://www.sacred-texts.com/hin/m03/m03081.htm
3	[(80, '22', '133')]	82	Section LXXXII	https://www.sacred-texts.com/hin/m03/m03082.htm
3	[(81, None, None)]	83	Section LXXXIII	https://www.sacred-texts.com/hin/m03/m03083.htm
3	[(82, None, None)]	84	Section LXXXIV	https://www.sacred-texts.com/hin/m03/m03084.htm
3	[(83, None, None)]	85	Section LXXXV	https://www.sacred-texts.com/hin/m03/m03085.htm
3	[(84, None, None)]	86	Section LXXXVI	https://www.sacred-texts.com/hin/m03/m03086.htm
3	[(85, None, None)]	87	Section LXXXVII	https://www.sacred-texts.com/hin/m03/m03087.htm
3	[(86, None, None)]	88	Section LXXXVIII	https://www.sacred-texts.com/hin/m03/m03088.htm
3	[(87, None, None)]	89	Section LXXXIX	https://www.sacred-texts.com/hin/m03/m03089.htm
3	[(88, None, None)]	90	Section XC	https://www.sacred-texts.com/hin/m03/m03090.htm
3	[(89, None, None)]	91	Section XCI	https://www.sacred-texts.com/hin/m03/m03091.htm
3	[(90, None, None)]	92	Section XCII	https://www.sacred-texts.com/hin/m03/m03092.htm
3	[(91, None, None)]	93	Section XCIII	https://www.sacred-texts.com/hin/m03/m03093.htm
3	[(92, None, None)]	94	Section XCIV	https://www.sacred-texts.com/hin/m03/m03094.htm
3	[(93, None, None)]	95	Section XCV	https://www.sacred-texts.com/hin/m03/m03095.htm
3	[(94, None, None)]	96	Section XCVI	https://www.sacred-texts.com/hin/m03/m03096.htm
3	[(95, None, None)]	97	Section XCVII	https://www.sacred-texts.com/hin/m03/m03097.htm
3	[(96, None, None)]	98	Section XCVIII	https://www.sacred-texts.com/hin/m03/m03098.htm
3	[(97, None, None)]	99	Section XCIX	https://www.sacred-texts.com/hin/m03/m03099.htm
3	[(98, None, None)]	100	Section C	https://www.sacred-texts.com/hin/m03/m03100.htm
3	[(99, None, None)]	101	Section CI	https://www.sacred-texts.com/hin/m03/m03101.htm
3	[(100, None, None)]	102	Section CII	https://www.sacred-texts.com/hin/m03/m03102.htm
3	[(101, None, None)]	103	Section CIII	https://www.sacred-texts.com/hin/m03/m03103.htm
3	[(102, None, None)]	104	Section CIV	https://www.sacred-texts.com/hin/m03/m03104.htm
3	[(103, None, None)]	105	Section CV	https://www.sacred-texts.com/hin/m03/m03105.htm
3	[(104, None, None)]	106	Section CVI	https://www.sacred-texts.com/hin/m03/m03106.htm
3	[(105, None, None), (106, None, None)]	107	Section CVII	https://www.sacred-texts.com/hin/m03/m03107.htm
3	[(107, None, None)]	108	Section CVIII	https://www.sacred-texts.com/hin/m03/m03108.htm
3	[(108, None, None)]	109	Section CIX	https://www.sacred-texts.com/hin/m03/m03109.htm
3	[(109, None, None), (110, None, None)]	110	Section CX	https://www.sacred-texts.com/hin/m03/m03110.htm
3	[(111, None, None)]	111	Section CXI	https://www.sacred-texts.com/hin/m03/m03111.htm
3	[(112, None, None)]	112	Section CXII	https://www.sacred-texts.com/hin/m03/m03112.htm
3	[(113, None, None)]	113	Section CXIII	https://www.sacred-texts.com/hin/m03/m03113.htm
3	[(114, None, None)]	114	Section CXIV	https://www.sacred-texts.com/hin/m03/m03114.htm
3	[(115, None, None)]	115	Section CXV	https://www.sacred-texts.com/hin/m03/m03115.htm
3	[(116, None, None)]	116	Section CXVI	https://www.sacred-texts.com/hin/m03/m03116.htm
3	[(117, None, None)]	117	Section CXVII	https://www.sacred-texts.com/hin/m03/m03117.htm
3	[(118, None, None)]	118	Section CXVIII	https://www.sacred-texts.com/hin/m03/m03118.htm
3	[(119, None, None)]	119	Section CXIX	https://www.sacred-texts.com/hin/m03/m03119.htm
3	[(120, None, None)]	120	Section CXX	https://www.sacred-texts.com/hin/m03/m03120.htm
3	[(121, None, None)]	121	Section CXXI	https://www.sacred-texts.com/hin/m03/m03121.htm
3	[(122, None, None)]	122	Section CXXII	https://www.sacred-texts.com/hin/m03/m03122.htm
3	[(123, None, None)]	123	Section CXXIII	https://www.sacred-texts.com/hin/m03/m03123.htm
3	[(124, None, None)]	124	Section CXXIV	https://www.sacred-texts.com/hin/m03/m03124.htm
3	[(125, None, None)]	125	Section CXXV	https://www.sacred-texts.com/hin/m03/m03125.htm
3	[(126, None, None)]	126	Section CXXVI	https://www.sacred-texts.com/hin/m03/m03126.htm
3	[(127, None, None)]	127	Section CXXVII	https://www.sacred-texts.com/hin/m03/m03127.htm
3	[(128, None, None)]	128	Section CXXVIII	https://www.sacred-texts.com/hin/m03/m03128.htm
3	[(129, None, None)]	129	Section CXXIX	https://www.sacred-texts.com/hin/m03/m03129.htm
3	[(130, None, None)]	130	Section CXXX	https://www.sacred-texts.com/hin/m03/m03130.htm
3	[(131, None, None)]	131	Section CXXXI	https://www.sacred-texts.com/hin/m03/m03131.htm
3	[(132, None, None)]	132	Section CXXXII	https://www.sacred-texts.com/hin/m03/m03132.htm
3	[(133, None, None)]	133	Section CXXXIII	https://www.sacred-texts.com/hin/m03/m03133.htm
3	[(134, None, None)]	134	Section CXXXIV	https://www.sacred-texts.com/hin/m03/m03134.htm
3	[(135, None, None), (136, None, None)]	135	Section CXXXV	https://www.sacred-texts.com/hin/m03/m03135.htm
3	[(137, None, None)]	136	Section CXXXVI	https://www.sacred-texts.com/hin/m03/m03136.htm
3	[(138, None, None)]	137	Section CXXXVII	https://www.sacred-texts.com/hin/m03/m03137.htm
3	[(139, None, None)]	138	Section CXXXVIII	https://www.sacred-texts.com/hin/m03/m03138.htm
3	[(140, None, None)]	139	Section CXXXIX	https://www.sacred-texts.com/hin/m03/m03139.htm
3	[(141, None, None)]	140	Section CXL	https://www.sacred-texts.com/hin/m03/m03140.htm
3	[(142, None, None)]	140b	Section CXL	NOPE/m03/m03140b.htm
3	[]	141	Section CXLI	https://www.sacred-texts.com/hin/m03/m03141.htm
3	[(143, None, None)]	142	Section CXLII	https://www.sacred-texts.com/hin/m03/m03142.htm
3	[(144, None, None)]	143	Section CXLIII	https://www.sacred-texts.com/hin/m03/m03143.htm
3	[(145, None, None)]	144	Section CXLIV	https://www.sacred-texts.com/hin/m03/m03144.htm
3	[(146, None, None)]	145	Section CXLV	https://www.sacred-texts.com/hin/m03/m03145.htm
3	[(147, '1', '30')]	146	Section CXLVI	https://www.sacred-texts.com/hin/m03/m03146.htm
3	[(147, '31', '41')]	147	Section CXLVII	https://www.sacred-texts.com/hin/m03/m03147.htm
3	[(148, None, None)]	148	Section CXLVIII	https://www.sacred-texts.com/hin/m03/m03148.htm
3	[(149, None, None)]	149	Section CXLIX	https://www.sacred-texts.com/hin/m03/m03149.htm
3	[(150, '1', '15')]	150	Section CL	https://www.sacred-texts.com/hin/m03/m03150.htm
3	[(150, '16', '28')]	151	Section CLI	https://www.sacred-texts.com/hin/m03/m03151.htm
3	[(151, None, None)]	152	Section CLII	https://www.sacred-texts.com/hin/m03/m03152.htm
3	[(152, None, None)]	153	Section CLIII	https://www.sacred-texts.com/hin/m03/m03153.htm
3	[(153, None, None)]	154	Section CLIV	https://www.sacred-texts.com/hin/m03/m03154.htm
3	[]	155	Section CLV	https://www.sacred-texts.com/hin/m03/m03155.htm
3	[(154, None, None)]	156	Section CLVI	https://www.sacred-texts.com/hin/m03/m03156.htm
3	[(155, None, None)]	157	Section CLVII	https://www.sacred-texts.com/hin/m03/m03157.htm
3	[(156, None, None)]	158	Section CLVIII	https://www.sacred-texts.com/hin/m03/m03158.htm
3	[(157, None, None)]	159	Section CLIX	https://www.sacred-texts.com/hin/m03/m03159.htm
3	[(158, None, None)]	160	Section CLX	https://www.sacred-texts.com/hin/m03/m03160.htm
3	[(159, None, None)]	161	Section CLXI	https://www.sacred-texts.com/hin/m03/m03161.htm
3	[(160, None, None)]	162	Section CLXII	https://www.sacred-texts.com/hin/m03/m03162.htm
3	[(161, '1', '16')]	163	Section CLXIII	https://www.sacred-texts.com/hin/m03/m03163.htm
3	[(161, '17', '29')]	164	Section CLXIV	https://www.sacred-texts.com/hin/m03/m03164.htm
3	[(162, None, None)]	165	Section CLXV	https://www.sacred-texts.com/hin/m03/m03165.htm
3	[(163, None, None)]	166	Section CLXVI	https://www.sacred-texts.com/hin/m03/m03166.htm
3	[(164, None, None), (165, None, None)]	167	Section CLXVII	https://www.sacred-texts.com/hin/m03/m03167.htm
3	[(166, None, None)]	168	Section CLXVIII	https://www.sacred-texts.com/hin/m03/m03168.htm
3	[(167, None, None)]	169	Section CLXIX	https://www.sacred-texts.com/hin/m03/m03169.htm
3	[(168, None, None)]	170	Section CLXX	https://www.sacred-texts.com/hin/m03/m03170.htm
3	[(169, None, None)]	171	Section CLXXI	https://www.sacred-texts.com/hin/m03/m03171.htm
3	[(170, None, None)]	172	Section CLXXII	https://www.sacred-texts.com/hin/m03/m03172.htm
3	[(171, None, None)]	173	Section CLXXIII	https://www.sacred-texts.com/hin/m03/m03173.htm
3	[(172, None, None)]	174	Section CLXXIV	https://www.sacred-texts.com/hin/m03/m03174.htm
3	[(173, None, None)]	175	Section CLXXV	https://www.sacred-texts.com/hin/m03/m03175.htm
3	[(174, None, None)]	176	Section CLXXVI	https://www.sacred-texts.com/hin/m03/m03176.htm
3	[(175, None, None)]	177	Section CLXXVII	https://www.sacred-texts.com/hin/m03/m03177.htm
3	[(176, None, None)]	178	Section CLXXVIII	https://www.sacred-texts.com/hin/m03/m03178.htm
3	[(177, None, None)]	179	Section CLXXIX	https://www.sacred-texts.com/hin/m03/m03179.htm
3	[(178, None, None)]	180	Section CLXXX	https://www.sacred-texts.com/hin/m03/m03180.htm
3	[(179, None, None)]	181	Section CLXXXI	https://www.sacred-texts.com/hin/m03/m03181.htm
3	[(180, None, None), (181, None, None)]	182	Section CLXXXII	https://www.sacred-texts.com/hin/m03/m03182.htm
3	[(182, None, None)]	183	Section CLXXXIII	https://www.sacred-texts.com/hin/m03/m03183.htm
3	[(183, None, None)]	184	Section CLXXXIV	https://www.sacred-texts.com/hin/m03/m03184.htm
3	[(184, None, None)]	185	Section CLXXXV	https://www.sacred-texts.com/hin/m03/m03185.htm
3	[(185, None, None)]	186	Section CLXXXVI	https://www.sacred-texts.com/hin/m03/m03186.htm
3	[(186, None, None)]	187	Section CLXXXVII	https://www.sacred-texts.com/hin/m03/m03187.htm
3	[(187, None, None), (188, '1', '2')]	188	Section CLXXXVIII	https://www.sacred-texts.com/hin/m03/m03188.htm
3	[(188, '3', '93')]	189	Section CLXXXIX	https://www.sacred-texts.com/hin/m03/m03189.htm
3	[(189, None, None)]	190	Section CLXL	https://www.sacred-texts.com/hin/m03/m03190.htm
3	[(190, None, None)]	191	Section CLXLI	https://www.sacred-texts.com/hin/m03/m03191.htm
3	[]	192	Section CLXLII	https://www.sacred-texts.com/hin/m03/m03192.htm
3	[]	193	Section CLXLIII	https://www.sacred-texts.com/hin/m03/m03193.htm
3	[]	194	Section CLXLIV	https://www.sacred-texts.com/hin/m03/m03194.htm
3	[]	195	Section CLXLV	https://www.sacred-texts.com/hin/m03/m03195.htm
3	[]	196	Section CLXLVI	https://www.sacred-texts.com/hin/m03/m03196.htm
3	[]	197	Section CLXLVII	https://www.sacred-texts.com/hin/m03/m03197.htm
3	[(191, None, None)]	198	Section CLXLVIII	https://www.sacred-texts.com/hin/m03/m03198.htm
3	[]	199	Section CLXLIX	https://www.sacred-texts.com/hin/m03/m03199.htm
3	[(192, None, None)]	200	Section CC	https://www.sacred-texts.com/hin/m03/m03200.htm
3	[(193, None, None)]	201	Section CCI	https://www.sacred-texts.com/hin/m03/m03201.htm
3	[(194, None, None)]	202	Section CCII	https://www.sacred-texts.com/hin/m03/m03202.htm
3	[(195, None, None)]	203	Section CCIII	https://www.sacred-texts.com/hin/m03/m03203.htm
3	[(196, None, None)]	204	Section CCIV	https://www.sacred-texts.com/hin/m03/m03204.htm
3	[(197, None, None)]	205	Section CCV	https://www.sacred-texts.com/hin/m03/m03205.htm
3	[(198, None, None)]	206	Section CCVI	https://www.sacred-texts.com/hin/m03/m03206.htm
3	[(199, None, None)]	207	Section CCVII	https://www.sacred-texts.com/hin/m03/m03207.htm
3	[(200, None, None)]	208	Section CCVIII	https://www.sacred-texts.com/hin/m03/m03208.htm
3	[(201, None, None)]	209	Section CCIX	https://www.sacred-texts.com/hin/m03/m03209.htm
3	[(202, None, None)]	210	Section CCX	https://www.sacred-texts.com/hin/m03/m03210.htm
3	[(203, '1', '12')]	211	Section CCXI	https://www.sacred-texts.com/hin/m03/m03211.htm
3	[(203, '13', '51')]	212	Section CCXII	https://www.sacred-texts.com/hin/m03/m03212.htm
3	[(204, None, None)]	213	Section CCXIII	https://www.sacred-texts.com/hin/m03/m03213.htm
3	[(205, None, None)]	214	Section CCXIV	https://www.sacred-texts.com/hin/m03/m03214.htm
3	[(206, None, None)]	215	Section CCXV	https://www.sacred-texts.com/hin/m03/m03215.htm
3	[(207, None, None)]	216	Section CCXVI	https://www.sacred-texts.com/hin/m03/m03216.htm
3	[(208, None, None)]	217	Section CCXVII	https://www.sacred-texts.com/hin/m03/m03217.htm
3	[(209, None, None)]	218	Section CCXVIII	https://www.sacred-texts.com/hin/m03/m03218.htm
3	[(210, None, None)]	219	Section CCXIX	https://www.sacred-texts.com/hin/m03/m03219.htm
3	[(211, None, None)]	220	Section CCXX	https://www.sacred-texts.com/hin/m03/m03220.htm
3	[(212, None, None)]	221	Section CCXXI	https://www.sacred-texts.com/hin/m03/m03221.htm
3	[(213, '1', '15')]	222	Section CCXXII	https://www.sacred-texts.com/hin/m03/m03222.htm
3	[(213, '16', '52')]	223	Section CCXXIII	https://www.sacred-texts.com/hin/m03/m03223.htm
3	[(214, None, None)]	224	Section CCXXIV	https://www.sacred-texts.com/hin/m03/m03224.htm
3	[(215, None, None)]	225	Section CCXXV	https://www.sacred-texts.com/hin/m03/m03225.htm
3	[(216, None, None)]	226	Section CCXXVI	https://www.sacred-texts.com/hin/m03/m03226.htm
3	[(217, None, None)]	227	Section CCXXVII	https://www.sacred-texts.com/hin/m03/m03227.htm
3	[(218, None, None)]	228	Section CCXXVIII	https://www.sacred-texts.com/hin/m03/m03228.htm
3	[(219, None, None)]	229	Section CCXXIX	https://www.sacred-texts.com/hin/m03/m03229.htm
3	[(220, None, None)]	230	Section CCXXX	https://www.sacred-texts.com/hin/m03/m03230.htm
3	[(221, None, None)]	230b	Section CCXXX	NOPE/m03/m03230b.htm
3	[(222, None, None)]	231	Section CCXXXI	https://www.sacred-texts.com/hin/m03/m03231.htm
3	[(223, None, None)]	232	Section CCXXXII	https://www.sacred-texts.com/hin/m03/m03232.htm
3	[(224, None, None)]	233	Section CCXXXIII	https://www.sacred-texts.com/hin/m03/m03233.htm
3	[(225, None, None)]	234	Section CCXXXIV	https://www.sacred-texts.com/hin/m03/m03234.htm
3	[(226, None, None)]	235	Section CCXXXV	https://www.sacred-texts.com/hin/m03/m03235.htm
3	[(227, None, None)]	236	Section CCXXXVI	https://www.sacred-texts.com/hin/m03/m03236.htm
3	[(228, None, None)]	237	Section CCXXXVII	https://www.sacred-texts.com/hin/m03/m03237.htm
3	[(229, None, None)]	238	Section CCXXXVIII	https://www.sacred-texts.com/hin/m03/m03238.htm
3	[(230, None, None)]	239	Section CCXXXIX	https://www.sacred-texts.com/hin/m03/m03239.htm
3	[(231, None, None)]	240	Section CCXL	https://www.sacred-texts.com/hin/m03/m03240.htm
3	[(232, None, None)]	241	Section CCXLI	https://www.sacred-texts.com/hin/m03/m03241.htm
3	[(233, None, None)]	242	Section CCXLII	https://www.sacred-texts.com/hin/m03/m03242.htm
3	[(234, None, None)]	243	Section CCXLIII	https://www.sacred-texts.com/hin/m03/m03243.htm
3	[(235, None, None)]	244	Section CCXLIV	https://www.sacred-texts.com/hin/m03/m03244.htm
3	[(236, None, None)]	245	Section CCXLV	https://www.sacred-texts.com/hin/m03/m03245.htm
3	[(237, None, None)]	246	Section CCXLVI	https://www.sacred-texts.com/hin/m03/m03246.htm
3	[(238, '1', '37')]	247	Section CCXLVII	https://www.sacred-texts.com/hin/m03/m03247.htm
3	[(238, '38', '49')]	248	Section CCXLVIII	https://www.sacred-texts.com/hin/m03/m03248.htm
3	[(239, None, None)]	249	Section CCXLIX	https://www.sacred-texts.com/hin/m03/m03249.htm
3	[(240, None, None)]	250	Section CCL	https://www.sacred-texts.com/hin/m03/m03250.htm
3	[(241, '1', '14')]	251	Section CCLI	https://www.sacred-texts.com/hin/m03/m03251.htm
3	[]	252	Section CCLII	https://www.sacred-texts.com/hin/m03/m03252.htm
3	[(241, '15', '37')]	253	Section CCLIII	https://www.sacred-texts.com/hin/m03/m03253.htm
3	[(242, None, None)]	254	Section CCLIV	https://www.sacred-texts.com/hin/m03/m03254.htm
3	[(243, None, None)]	255	Section CCLV	https://www.sacred-texts.com/hin/m03/m03255.htm
3	[(244, None, None)]	256	Section CCLVI	https://www.sacred-texts.com/hin/m03/m03256.htm
3	[(245, None, None)]	257	Section CCLVII	https://www.sacred-texts.com/hin/m03/m03257.htm
3	[(246, None, None)]	258	Section CCLVIII	https://www.sacred-texts.com/hin/m03/m03258.htm
3	[(247, None, None)]	259	Section CCLIX	https://www.sacred-texts.com/hin/m03/m03259.htm
3	[]	260	Section CCLX	https://www.sacred-texts.com/hin/m03/m03260.htm
3	[]	261	Section CCLXI	https://www.sacred-texts.com/hin/m03/m03261.htm
3	[(248, None, None)]	262	Section CCLXII	https://www.sacred-texts.com/hin/m03/m03262.htm
3	[(249, None, None)]	263	Section CCLXIII	https://www.sacred-texts.com/hin/m03/m03263.htm
3	[(250, None, None)]	264	Section CCLXIV	https://www.sacred-texts.com/hin/m03/m03264.htm
3	[(251, None, None)]	265	Section CCLXV	https://www.sacred-texts.com/hin/m03/m03265.htm
3	[(252, None, None)]	266	Section CCLXVI	https://www.sacred-texts.com/hin/m03/m03266.htm
3	[(253, None, None)]	267	Section CCLXVII	https://www.sacred-texts.com/hin/m03/m03267.htm
3	[(254, None, None)]	268	Section CCLXVIII	https://www.sacred-texts.com/hin/m03/m03268.htm
3	[(255, None, None)]	269	Section CCLXIX	https://www.sacred-texts.com/hin/m03/m03269.htm
3	[(256, None, None)]	270	Section CCLXX	https://www.sacred-texts.com/hin/m03/m03270.htm
3	[(257, None, None)]	271	Section CCLXXI	https://www.sacred-texts.com/hin/m03/m03271.htm
3	[(258, None, None)]	272	Section CCLXXII	https://www.sacred-texts.com/hin/m03/m03272.htm
3	[(259, None, None)]	273	Section CCLXXIII	https://www.sacred-texts.com/hin/m03/m03273.htm
3	[(260, None, None)]	274	Section CCLXXIV	https://www.sacred-texts.com/hin/m03/m03274.htm
3	[(261, None, None)]	275	Section CCLXXV	https://www.sacred-texts.com/hin/m03/m03275.htm
3	[(262, None, None)]	276	Section CCLXXVI	https://www.sacred-texts.com/hin/m03/m03276.htm
3	[(263, None, None)]	277	Section CCLXXVII	https://www.sacred-texts.com/hin/m03/m03277.htm
3	[(264, None, None)]	278	Section CCLXXVIII	https://www.sacred-texts.com/hin/m03/m03278.htm
3	[(265, None, None)]	279	Section CCLXXIX	https://www.sacred-texts.com/hin/m03/m03279.htm
3	[(266, None, None)]	280	Section CCLXXX	https://www.sacred-texts.com/hin/m03/m03280.htm
3	[(267, None, None)]	281	Section CCLXXXI	https://www.sacred-texts.com/hin/m03/m03281.htm
3	[(268, None, None)]	282	Section CCLXXXII	https://www.sacred-texts.com/hin/m03/m03282.htm
3	[(269, None, None)]	283	Section CCLXXXIII	https://www.sacred-texts.com/hin/m03/m03283.htm
3	[(270, None, None)]	284	Section CCLXXXIV	https://www.sacred-texts.com/hin/m03/m03284.htm
3	[(271, None, None)]	285	Section CCLXXXV	https://www.sacred-texts.com/hin/m03/m03285.htm
3	[(272, None, None)]	286	Section CCLXXXVI	https://www.sacred-texts.com/hin/m03/m03286.htm
3	[(273, None, None)]	287	Section CCLXXXVII	https://www.sacred-texts.com/hin/m03/m03287.htm
3	[(274, None, None)]	288	Section CCLXXXVIII	https://www.sacred-texts.com/hin/m03/m03288.htm
3	[(275, None, None)]	289	Section CCLXXXIX	https://www.sacred-texts.com/hin/m03/m03289.htm
3	[(276, None, None)]	290	Section CCLXL	https://www.sacred-texts.com/hin/m03/m03290.htm
3	[(277, None, None)]	291	Section CCLXLI	https://www.sacred-texts.com/hin/m03/m03291.htm
3	[(278, None, None)]	292	Section CCLXLII	https://www.sacred-texts.com/hin/m03/m03292.htm
3	[(279, None, None)]	293	Section CCLXLIII	https://www.sacred-texts.com/hin/m03/m03293.htm
3	[(280, None, None)]	294	Section CCLXLIV	https://www.sacred-texts.com/hin/m03/m03294.htm
3	[(281, None, None)]	295	Section CCLXLV	https://www.sacred-texts.com/hin/m03/m03295.htm
3	[(282, None, None)]	296	Section CCLXLVI	https://www.sacred-texts.com/hin/m03/m03296.htm
3	[(283, None, None)]	297	Section CCLXLVII	https://www.sacred-texts.com/hin/m03/m03297.htm
3	[(284, None, None)]	298	Section CCLXLVIII	https://www.sacred-texts.com/hin/m03/m03298.htm
3	[(285, None, None)]	299	Section CCLXLIX	https://www.sacred-texts.com/hin/m03/m03299.htm
3	[(286, None, None)]	300	Section CCC	https://www.sacred-texts.com/hin/m03/m03300.htm
3	[(287, None, None)]	301	Section CCCI	https://www.sacred-texts.com/hin/m03/m03301.htm
3	[(288, None, None)]	302	Section CCCII	https://www.sacred-texts.com/hin/m03/m03302.htm
3	[(289, None, None)]	303	Section CCCIII	https://www.sacred-texts.com/hin/m03/m03303.htm
3	[(290, None, None)]	304	Section CCCIV	https://www.sacred-texts.com/hin/m03/m03304.htm
3	[(291, None, None)]	305	Section CCCV	https://www.sacred-texts.com/hin/m03/m03305.htm
3	[(292, None, None)]	306	Section CCCVI	https://www.sacred-texts.com/hin/m03/m03306.htm
3	[(293, None, None)]	307	Section CCCVII	https://www.sacred-texts.com/hin/m03/m03307.htm
3	[(294, None, None)]	308	Section CCCVIII	https://www.sacred-texts.com/hin/m03/m03308.htm
3	[(295, None, None)]	309	Section CCCIX	https://www.sacred-texts.com/hin/m03/m03309.htm
3	[(296, None, None)]	310	Section CCCX	https://www.sacred-texts.com/hin/m03/m03310.htm
3	[(297, None, None)]	311	Section CCCXI	https://www.sacred-texts.com/hin/m03/m03311.htm
3	[(298, None, None)]	312	Section CCCXII	https://www.sacred-texts.com/hin/m03/m03312.htm
3	[(299, None, None)]	313	Section CCCXIII	https://www.sacred-texts.com/hin/m03/m03313.htm
4	[(1, None, None)]	1	Section I	https://www.sacred-texts.com/hin/m04/m04001.htm
4	[(2, None, None)]	2	Section II	https://www.sacred-texts.com/hin/m04/m04002.htm
4	[(3, None, None)]	3	Section III	https://www.sacred-texts.com/hin/m04/m04003.htm
4	[(4, None, None)]	4	Section IV	https://www.sacred-texts.com/hin/m04/m04004.htm
4	[(5, None, None)]	5	Section V	https://www.sacred-texts.com/hin/m04/m04005.htm
4	[]	6	Section VI	https://www.sacred-texts.com/hin/m04/m04006.htm
4	[(6, None, None)]	7	Section VII	https://www.sacred-texts.com/hin/m04/m04007.htm
4	[(7, None, None)]	8	Section VIII	https://www.sacred-texts.com/hin/m04/m04008.htm
4	[(8, None, None)]	9	Section IX	https://www.sacred-texts.com/hin/m04/m04009.htm
4	[(9, None, None)]	10	Section X	https://www.sacred-texts.com/hin/m04/m04010.htm
4	[(10, None, None)]	11	Section XI	https://www.sacred-texts.com/hin/m04/m04011.htm
4	[(11, None, None)]	12	Section XII	https://www.sacred-texts.com/hin/m04/m04012.htm
4	[(12, None, None)]	13	Section XIII	https://www.sacred-texts.com/hin/m04/m04013.htm
4	[(13, None, None)]	14	Section XIV	https://www.sacred-texts.com/hin/m04/m04014.htm
4	[(14, None, None)]	15	Section XV	https://www.sacred-texts.com/hin/m04/m04015.htm
4	[(15, None, None)]	16	Section XVI	https://www.sacred-texts.com/hin/m04/m04016.htm
4	[(16, None, None)]	17	Section XVII	https://www.sacred-texts.com/hin/m04/m04017.htm
4	[(17, None, None)]	18	Section XVIII	https://www.sacred-texts.com/hin/m04/m04018.htm
4	[(18, None, None)]	19	Section XIX	https://www.sacred-texts.com/hin/m04/m04019.htm
4	[(19, None, None)]	20	Section XX	https://www.sacred-texts.com/hin/m04/m04020.htm
4	[(20, None, None)]	21	Section XXI	https://www.sacred-texts.com/hin/m04/m04021.htm
4	[(21, None, None)]	22	Section XXII	https://www.sacred-texts.com/hin/m04/m04022.htm
4	[(22, None, None)]	23	Section XXII	https://www.sacred-texts.com/hin/m04/m04023.htm
4	[(23, None, None)]	24	Section XXIV	https://www.sacred-texts.com/hin/m04/m04024.htm
4	[(24, None, None)]	25	Section XXV	https://www.sacred-texts.com/hin/m04/m04025.htm
4	[(25, None, None)]	26	Section XXVI	https://www.sacred-texts.com/hin/m04/m04026.htm
4	[(26, None, None)]	27	Section XXVII	https://www.sacred-texts.com/hin/m04/m04027.htm
4	[(27, None, None)]	28	Section XXVIII	https://www.sacred-texts.com/hin/m04/m04028.htm
4	[(28, None, None)]	29	Section XXIX	https://www.sacred-texts.com/hin/m04/m04029.htm
4	[(29, None, None)]	30	Section XXX	https://www.sacred-texts.com/hin/m04/m04030.htm
4	[(30, None, None)]	31	Section XXXI	https://www.sacred-texts.com/hin/m04/m04031.htm
4	[(31, None, None)]	32	Section XXXII	https://www.sacred-texts.com/hin/m04/m04032.htm
4	[(32, '1', '34')]	33	Section XXXIII	https://www.sacred-texts.com/hin/m04/m04033.htm
4	[(32, '35', '50')]	34	Section XXXIV	https://www.sacred-texts.com/hin/m04/m04034.htm
4	[(33, None, None)]	35	Section XXXV	https://www.sacred-texts.com/hin/m04/m04035.htm
4	[(34, None, None)]	36	Section XXXVI	https://www.sacred-texts.com/hin/m04/m04036.htm
4	[(35, None, None)]	37	Section XXXVII	https://www.sacred-texts.com/hin/m04/m04037.htm
4	[(36, None, None)]	38	Section XXXVIII	https://www.sacred-texts.com/hin/m04/m04038.htm
4	[(37, None, None)]	39	Section XXXIX	https://www.sacred-texts.com/hin/m04/m04039.htm
4	[(38, '1', '8')]	40	Section XL	https://www.sacred-texts.com/hin/m04/m04040.htm
4	[(38, '9', '19')]	41	Section XLI	https://www.sacred-texts.com/hin/m04/m04041.htm
4	[(38, '20', '35')]	42	Section XLII	https://www.sacred-texts.com/hin/m04/m04042.htm
4	[(38, '36', '58')]	43	Section XLIII	https://www.sacred-texts.com/hin/m04/m04043.htm
4	[(39, None, None)]	44	Section XLIV	https://www.sacred-texts.com/hin/m04/m04044.htm
4	[(40, None, None)]	45	Section XLV	https://www.sacred-texts.com/hin/m04/m04045.htm
4	[(41, None, None)]	46	Section XLVI	https://www.sacred-texts.com/hin/m04/m04046.htm
4	[(42, None, None)]	47	Section XLVII	https://www.sacred-texts.com/hin/m04/m04047.htm
4	[(43, None, None)]	48	Section XLVIII	https://www.sacred-texts.com/hin/m04/m04048.htm
4	[(44, None, None)]	49	Section XLIX	https://www.sacred-texts.com/hin/m04/m04049.htm
4	[(45, None, None)]	50	Section L	https://www.sacred-texts.com/hin/m04/m04050.htm
4	[(46, None, None)]	51	Section LI	https://www.sacred-texts.com/hin/m04/m04051.htm
4	[(47, None, None)]	52	Section LII	https://www.sacred-texts.com/hin/m04/m04052.htm
4	[(48, None, None)]	53	Section LIII	https://www.sacred-texts.com/hin/m04/m04053.htm
4	[(49, None, None)]	54	Section LIV	https://www.sacred-texts.com/hin/m04/m04054.htm
4	[(50, None, None)]	55	Section LV	https://www.sacred-texts.com/hin/m04/m04055.htm
4	[(51, None, None)]	56	Section LVI	https://www.sacred-texts.com/hin/m04/m04056.htm
4	[(52, None, None)]	57	Section LVII	https://www.sacred-texts.com/hin/m04/m04057.htm
4	[(53, None, None)]	58	Section LVIII	https://www.sacred-texts.com/hin/m04/m04058.htm
4	[(54, None, None)]	59	Section LIX	https://www.sacred-texts.com/hin/m04/m04059.htm
4	[(55, None, None)]	60	Section LX	https://www.sacred-texts.com/hin/m04/m04060.htm
4	[(56, None, None)]	61	Section LXI	https://www.sacred-texts.com/hin/m04/m04061.htm
4	[(57, None, None)]	62	Section LXII	https://www.sacred-texts.com/hin/m04/m04062.htm
4	[(58, None, None)]	62gap63	Gap!	NOPE
4	[(59, None, None)]	63	Section LXIII	https://www.sacred-texts.com/hin/m04/m04063.htm
4	[(60, None, None)]	64	Section LXIV	https://www.sacred-texts.com/hin/m04/m04064.htm
4	[(61, None, None)]	65	Section LXV	https://www.sacred-texts.com/hin/m04/m04065.htm
4	[(62, None, None)]	66	Section LXVI	https://www.sacred-texts.com/hin/m04/m04066.htm
4	[(63, None, None)]	67	Section LXVII	https://www.sacred-texts.com/hin/m04/m04067.htm
4	[(64, '1', '18')]	68	Section LXVIII	https://www.sacred-texts.com/hin/m04/m04068.htm
4	[(64, '19', '37')]	69	Section LXIX	https://www.sacred-texts.com/hin/m04/m04069.htm
4	[(65, None, None)]	70	Section LXX	https://www.sacred-texts.com/hin/m04/m04070.htm
4	[(66, None, None)]	71	Section LXXI	https://www.sacred-texts.com/hin/m04/m04071.htm
4	[(67, None, None)]	72	Section LXXII	https://www.sacred-texts.com/hin/m04/m04072.htm
5	[(1, None, None)]	1	Section I	https://www.sacred-texts.com/hin/m05/m05001.htm
5	[(2, None, None)]	2	Section II	https://www.sacred-texts.com/hin/m05/m05002.htm
5	[(3, None, None)]	3	Section III	https://www.sacred-texts.com/hin/m05/m05003.htm
5	[(4, None, None)]	4	Section IV	https://www.sacred-texts.com/hin/m05/m05004.htm
5	[(5, None, None)]	5	Section V	https://www.sacred-texts.com/hin/m05/m05005.htm
5	[(6, None, None)]	6	Section VI	https://www.sacred-texts.com/hin/m05/m05006.htm
5	[(7, None, None)]	7	Section VII	https://www.sacred-texts.com/hin/m05/m05007.htm
5	[(8, None, None)]	8	Section VIII	https://www.sacred-texts.com/hin/m05/m05008.htm
5	[(9, None, None)]	9	Section IX	https://www.sacred-texts.com/hin/m05/m05009.htm
5	[(10, None, None)]	10	Section X	https://www.sacred-texts.com/hin/m05/m05010.htm
5	[(11, None, None)]	11	Section XI	https://www.sacred-texts.com/hin/m05/m05011.htm
5	[(12, None, None)]	12	Section XII	https://www.sacred-texts.com/hin/m05/m05012.htm
5	[(13, None, None)]	13	Section XIII	https://www.sacred-texts.com/hin/m05/m05013.htm
5	[(14, None, None)]	14	Section XIV	https://www.sacred-texts.com/hin/m05/m05014.htm
5	[(15, None, None)]	15	Section XV	https://www.sacred-texts.com/hin/m05/m05015.htm
5	[(16, None, None)]	16	Section XVI	https://www.sacred-texts.com/hin/m05/m05016.htm
5	[(17, None, None)]	17	Section XVII	https://www.sacred-texts.com/hin/m05/m05017.htm
5	[(18, None, None)]	18	Section XVIII	https://www.sacred-texts.com/hin/m05/m05018.htm
5	[(19, None, None)]	19	Section XIX	https://www.sacred-texts.com/hin/m05/m05019.htm
5	[(20, None, None)]	20	Section XX	https://www.sacred-texts.com/hin/m05/m05020.htm
5	[(21, None, None)]	21	Section XXI	https://www.sacred-texts.com/hin/m05/m05021.htm
5	[(22, None, None)]	22	Section XXII	https://www.sacred-texts.com/hin/m05/m05022.htm
5	[(23, None, None)]	23	Section XXIII	https://www.sacred-texts.com/hin/m05/m05023.htm
5	[(24, None, None)]	24	Section XXIV	https://www.sacred-texts.com/hin/m05/m05024.htm
5	[(25, None, None)]	25	Section XXV	https://www.sacred-texts.com/hin/m05/m05025.htm
5	[(26, None, None)]	26	Section XXVI	https://www.sacred-texts.com/hin/m05/m05026.htm
5	[(27, None, None)]	27	Section XXVII	https://www.sacred-texts.com/hin/m05/m05027.htm
5	[(28, None, None)]	28	Section XXVIII	https://www.sacred-texts.com/hin/m05/m05028.htm
5	[(29, None, None)]	29	Section XXIX	https://www.sacred-texts.com/hin/m05/m05029.htm
5	[(30, None, None)]	30	Section XXX	https://www.sacred-texts.com/hin/m05/m05030.htm
5	[(31, None, None)]	31	Section XXXI	https://www.sacred-texts.com/hin/m05/m05031.htm
5	[(32, None, None)]	32	Section XXXII	https://www.sacred-texts.com/hin/m05/m05032.htm
5	[(33, None, None)]	33	Section XXXIII	https://www.sacred-texts.com/hin/m05/m05033.htm
5	[(34, None, None)]	34	Section XXXIV	https://www.sacred-texts.com/hin/m05/m05034.htm
5	[(35, None, None)]	35	Section XXXV	https://www.sacred-texts.com/hin/m05/m05035.htm
5	[(36, None, None)]	36	Section XXXVI	https://www.sacred-texts.com/hin/m05/m05036.htm
5	[(37, None, None)]	37	Section XXXVII	https://www.sacred-texts.com/hin/m05/m05037.htm
5	[(38, None, None)]	38	Section XXXVIII	https://www.sacred-texts.com/hin/m05/m05038.htm
5	[(39, None, None)]	39	Section XXXIX	https://www.sacred-texts.com/hin/m05/m05039.htm
5	[(40, None, None)]	40	Section XL	https://www.sacred-texts.com/hin/m05/m05040.htm
5	[(41, None, None)]	41	Section XLI	https://www.sacred-texts.com/hin/m05/m05041.htm
5	[(42, None, None)]	42	Section XLII	https://www.sacred-texts.com/hin/m05/m05042.htm
5	[(43, None, None)]	43	Section XLIII	https://www.sacred-texts.com/hin/m05/m05043.htm
5	[(44, None, None)]	44	Section XLIV	https://www.sacred-texts.com/hin/m05/m05044.htm
5	[]	45	Section XLV	https://www.sacred-texts.com/hin/m05/m05045.htm
5	[(45, None, None)]	46	Section XLVI	https://www.sacred-texts.com/hin/m05/m05046.htm
5	[(46, None, None)]	47	Section XLVII	https://www.sacred-texts.com/hin/m05/m05047.htm
5	[(47, None, None)]	48	Section XLVIII	https://www.sacred-texts.com/hin/m05/m05048.htm
5	[(48, None, None)]	49	Section XLIX	https://www.sacred-texts.com/hin/m05/m05049.htm
5	[(49, None, None)]	50	Section L	https://www.sacred-texts.com/hin/m05/m05050.htm
5	[(50, None, None)]	51	Section LI	https://www.sacred-texts.com/hin/m05/m05051.htm
5	[(51, None, None)]	52	Section LII	https://www.sacred-texts.com/hin/m05/m05052.htm
5	[(52, None, None)]	53	Section LIII	https://www.sacred-texts.com/hin/m05/m05053.htm
5	[(53, None, None)]	54	Section LIV	https://www.sacred-texts.com/hin/m05/m05054.htm
5	[(54, None, None)]	55	Section LV	https://www.sacred-texts.com/hin/m05/m05055.htm
5	[(55, None, None)]	56	Section LVI	https://www.sacred-texts.com/hin/m05/m05056.htm
5	[(56, None, None)]	57	Section LVII	https://www.sacred-texts.com/hin/m05/m05057.htm
5	[(57, None, None)]	58	Section LVIII	https://www.sacred-texts.com/hin/m05/m05058.htm
5	[(58, None, None)]	59	Section LIX	https://www.sacred-texts.com/hin/m05/m05059.htm
5	[(59, None, None)]	60	Section LX	https://www.sacred-texts.com/hin/m05/m05060.htm
5	[(60, None, None)]	61	Section LXI	https://www.sacred-texts.com/hin/m05/m05061.htm
5	[(61, None, None)]	62	Section LXII	https://www.sacred-texts.com/hin/m05/m05062.htm
5	[(62, '1', '5')]	63	Section LXIII	https://www.sacred-texts.com/hin/m05/m05063.htm
5	[(62, '6', '31')]	64	Section LXIV	https://www.sacred-texts.com/hin/m05/m05064.htm
5	[(63, None, None)]	65	Section LXV	https://www.sacred-texts.com/hin/m05/m05065.htm
5	[(64, None, None)]	66	Section LXVI	https://www.sacred-texts.com/hin/m05/m05066.htm
5	[(65, None, None)]	67	Section LXVII	https://www.sacred-texts.com/hin/m05/m05067.htm
5	[(66, None, None)]	68	Section LXVIII	https://www.sacred-texts.com/hin/m05/m05068.htm
5	[(67, None, None)]	69	Section LXIX	https://www.sacred-texts.com/hin/m05/m05069.htm
5	[(68, None, None)]	70	Section LXX	https://www.sacred-texts.com/hin/m05/m05070.htm
5	[(69, None, None)]	71	Section LXXI	https://www.sacred-texts.com/hin/m05/m05071.htm
5	[(70, None, None)]	72	Section LXXII	https://www.sacred-texts.com/hin/m05/m05072.htm
5	[(71, None, None)]	73	Section LXXIII	https://www.sacred-texts.com/hin/m05/m05073.htm
5	[(72, None, None)]	74	Section LXXIV	https://www.sacred-texts.com/hin/m05/m05074.htm
5	[(73, None, None)]	75	Section LXXV	https://www.sacred-texts.com/hin/m05/m05075.htm
5	[(74, None, None)]	76	Section LXXVI	https://www.sacred-texts.com/hin/m05/m05076.htm
5	[(75, None, None)]	77	Section LXXVII	https://www.sacred-texts.com/hin/m05/m05077.htm
5	[(76, None, None)]	78	Section LXXVIII	https://www.sacred-texts.com/hin/m05/m05078.htm
5	[(77, None, None)]	79	Section LXXIX	https://www.sacred-texts.com/hin/m05/m05079.htm
5	[(78, None, None)]	80	Section LXXX	https://www.sacred-texts.com/hin/m05/m05080.htm
5	[(79, None, None)]	81	Section LXXXI	https://www.sacred-texts.com/hin/m05/m05081.htm
5	[(80, None, None)]	82	Section LXXXII	https://www.sacred-texts.com/hin/m05/m05082.htm
5	[(81, None, None)]	83	Section LXXXIII	https://www.sacred-texts.com/hin/m05/m05083.htm
5	[(82, None, None)]	84	Section LXXXIV	https://www.sacred-texts.com/hin/m05/m05084.htm
5	[(83, None, None)]	85	Section LXXXV	https://www.sacred-texts.com/hin/m05/m05085.htm
5	[(84, None, None)]	86	Section LXXXVI	https://www.sacred-texts.com/hin/m05/m05086.htm
5	[(85, None, None)]	87	Section LXXXVII	https://www.sacred-texts.com/hin/m05/m05087.htm
5	[(86, None, None)]	88	Section LXXXVIII	https://www.sacred-texts.com/hin/m05/m05088.htm
5	[(87, None, None)]	89	Section LXXXIX	https://www.sacred-texts.com/hin/m05/m05089.htm
5	[(88, None, None)]	90	Section XC	https://www.sacred-texts.com/hin/m05/m05090.htm
5	[(89, None, None)]	91	Section XCI	https://www.sacred-texts.com/hin/m05/m05091.htm
5	[(90, None, None)]	92	Section XCII	https://www.sacred-texts.com/hin/m05/m05092.htm
5	[(91, None, None)]	93	Section XCIII	https://www.sacred-texts.com/hin/m05/m05093.htm
5	[(92, None, None)]	94	Section XCIV	https://www.sacred-texts.com/hin/m05/m05094.htm
5	[(93, None, None)]	95	Section XCV	https://www.sacred-texts.com/hin/m05/m05095.htm
5	[(94, None, None)]	96	Section XCVI	https://www.sacred-texts.com/hin/m05/m05096.htm
5	[(95, None, None)]	97	Section XCVII	https://www.sacred-texts.com/hin/m05/m05097.htm
5	[(96, None, None)]	98	Section XCVIII	https://www.sacred-texts.com/hin/m05/m05098.htm
5	[(97, None, None)]	99	Section XCIX	https://www.sacred-texts.com/hin/m05/m05099.htm
5	[(98, None, None)]	100	Section C	https://www.sacred-texts.com/hin/m05/m05100.htm
5	[(99, None, None)]	101	Section CI	https://www.sacred-texts.com/hin/m05/m05101.htm
5	[(100, None, None)]	102	Section CII	https://www.sacred-texts.com/hin/m05/m05102.htm
5	[(101, None, None)]	103	Section CIII	https://www.sacred-texts.com/hin/m05/m05103.htm
5	[(102, None, None)]	104	Section CIV	https://www.sacred-texts.com/hin/m05/m05104.htm
5	[(103, None, None)]	105	Section CV	https://www.sacred-texts.com/hin/m05/m05105.htm
5	[(104, None, None)]	106	Section CVI	https://www.sacred-texts.com/hin/m05/m05106.htm
5	[(105, None, None)]	107	Section CVII	https://www.sacred-texts.com/hin/m05/m05107.htm
5	[(106, None, None)]	108	Section CVIII	https://www.sacred-texts.com/hin/m05/m05108.htm
5	[(107, None, None)]	109	Section CIX	https://www.sacred-texts.com/hin/m05/m05109.htm
5	[(108, None, None)]	110	Section CX	https://www.sacred-texts.com/hin/m05/m05110.htm
5	[(109, None, None)]	111	Section CXI	https://www.sacred-texts.com/hin/m05/m05111.htm
5	[(110, None, None)]	112	Section CXII	https://www.sacred-texts.com/hin/m05/m05112.htm
5	[(111, None, None)]	113	Section CXIII	https://www.sacred-texts.com/hin/m05/m05113.htm
5	[(112, None, None)]	114	Section CXIV	https://www.sacred-texts.com/hin/m05/m05114.htm
5	[(113, None, None)]	115	Section CXV	https://www.sacred-texts.com/hin/m05/m05115.htm
5	[(114, None, None)]	116	Section CXVI	https://www.sacred-texts.com/hin/m05/m05116.htm
5	[(115, None, None)]	117	Section CXVII	https://www.sacred-texts.com/hin/m05/m05117.htm
5	[(116, None, None)]	118	Section CXVIII	https://www.sacred-texts.com/hin/m05/m05118.htm
5	[(117, None, None)]	119	Section CXIX	https://www.sacred-texts.com/hin/m05/m05119.htm
5	[(118, None, None)]	120	Section CXX	https://www.sacred-texts.com/hin/m05/m05120.htm
5	[(119, None, None)]	121	Section CXXI	https://www.sacred-texts.com/hin/m05/m05121.htm
5	[(120, None, None)]	122	Section CXXII	https://www.sacred-texts.com/hin/m05/m05122.htm
5	[(121, None, None)]	123	Section CXXIII	https://www.sacred-texts.com/hin/m05/m05123.htm
5	[(122, None, None)]	124	Section CXXIV	https://www.sacred-texts.com/hin/m05/m05124.htm
5	[(123, None, None)]	125	Section CXXV	https://www.sacred-texts.com/hin/m05/m05125.htm
5	[(124, None, None)]	126	Section CXXVI	https://www.sacred-texts.com/hin/m05/m05126.htm
5	[(125, None, None)]	127	Section CXXVII	https://www.sacred-texts.com/hin/m05/m05127.htm
5	[(126, None, None)]	128	section CXXVIII	https://www.sacred-texts.com/hin/m05/m05128.htm
5	[(127, None, None)]	129	Section CXXIX	https://www.sacred-texts.com/hin/m05/m05129.htm
5	[(128, None, None)]	130	Section CXXX	https://www.sacred-texts.com/hin/m05/m05130.htm
5	[(129, None, None)]	131	section CXXXI	https://www.sacred-texts.com/hin/m05/m05131.htm
5	[(130, None, None)]	132	Section CXXXII	https://www.sacred-texts.com/hin/m05/m05132.htm
5	[(131, None, None)]	133	Section CXXXIII	https://www.sacred-texts.com/hin/m05/m05133.htm
5	[(132, None, None)]	134	Section CXXXIV	https://www.sacred-texts.com/hin/m05/m05134.htm
5	[(133, None, None)]	135	Section CXXXV	https://www.sacred-texts.com/hin/m05/m05135.htm
5	[(134, None, None)]	136	Section CXXXVI	https://www.sacred-texts.com/hin/m05/m05136.htm
5	[(135, None, None)]	137	Section CXXXVII	https://www.sacred-texts.com/hin/m05/m05137.htm
5	[(136, None, None)]	138	Section CXXXVIII	https://www.sacred-texts.com/hin/m05/m05138.htm
5	[(137, None, None)]	139	Section CXXXIX	https://www.sacred-texts.com/hin/m05/m05139.htm
5	[(138, None, None)]	140	Section CXL	https://www.sacred-texts.com/hin/m05/m05140.htm
5	[(139, None, None)]	141	Section CXLI	https://www.sacred-texts.com/hin/m05/m05141.htm
5	[(140, None, None)]	142	Section CXLII	https://www.sacred-texts.com/hin/m05/m05142.htm
5	[(141, None, None)]	143	Section CXLIII	https://www.sacred-texts.com/hin/m05/m05143.htm
5	[(142, None, None)]	144	Section CXLIV	https://www.sacred-texts.com/hin/m05/m05144.htm
5	[(143, None, None)]	145	Section CXLV	https://www.sacred-texts.com/hin/m05/m05145.htm
5	[(144, None, None)]	146	Section CXLVI	https://www.sacred-texts.com/hin/m05/m05146.htm
5	[(145, None, None)]	147	Section CXLVII	https://www.sacred-texts.com/hin/m05/m05147.htm
5	[(146, None, None)]	148	Section CXLVIII	https://www.sacred-texts.com/hin/m05/m05148.htm
5	[(147, None, None)]	149	Section CXLIX	https://www.sacred-texts.com/hin/m05/m05149.htm
5	[(148, None, None)]	150	Section CXLX	https://www.sacred-texts.com/hin/m05/m05150.htm
5	[(149, '1', '46')]	151	Section CLI	https://www.sacred-texts.com/hin/m05/m05151.htm
5	[(149, '47', '66')]	152	Section CLII	https://www.sacred-texts.com/hin/m05/m05152.htm
5	[(149, '67', '84')]	153	Section CLIII	https://www.sacred-texts.com/hin/m05/m05153.htm
5	[(150, None, None)]	154	Section CLIV	https://www.sacred-texts.com/hin/m05/m05154.htm
5	[(151, None, None)]	155	Section CLV	https://www.sacred-texts.com/hin/m05/m05155.htm
5	[(152, None, None)]	156	Section CLVI	https://www.sacred-texts.com/hin/m05/m05156.htm
5	[(153, None, None)]	157	Section CLVII	https://www.sacred-texts.com/hin/m05/m05157.htm
5	[(154, None, None)]	158	Section CLVIII	https://www.sacred-texts.com/hin/m05/m05158.htm
5	[(155, None, None)]	159	Section CLIX	https://www.sacred-texts.com/hin/m05/m05159.htm
5	[(156, None, None)]	160	Section CLX	https://www.sacred-texts.com/hin/m05/m05160.htm
5	[(157, None, None)]	161	Section CLXI	https://www.sacred-texts.com/hin/m05/m05161.htm
5	[(158, None, None)]	162	Section CLXII	https://www.sacred-texts.com/hin/m05/m05162.htm
5	[(159, None, None)]	163	Section CLXIII	https://www.sacred-texts.com/hin/m05/m05163.htm
5	[(160, None, None)]	164	Section CLXIV	https://www.sacred-texts.com/hin/m05/m05164.htm
5	[(161, None, None)]	165	Section CLXV	https://www.sacred-texts.com/hin/m05/m05165.htm
5	[(162, None, None)]	166	Section CLXVI	https://www.sacred-texts.com/hin/m05/m05166.htm
5	[(163, None, None)]	167	Section CLXVII	https://www.sacred-texts.com/hin/m05/m05167.htm
5	[(164, None, None)]	168	section CLXVIII	https://www.sacred-texts.com/hin/m05/m05168.htm
5	[(165, None, None), (166, '1', '13')]	169	Section CLXIX	https://www.sacred-texts.com/hin/m05/m05169.htm
5	[(166, '14', '39')]	170	Section CLXX	https://www.sacred-texts.com/hin/m05/m05170.htm
5	[(167, None, None)]	171	Section CLXXI	https://www.sacred-texts.com/hin/m05/m05171.htm
5	[(168, None, None)]	172	Section CLXXII	https://www.sacred-texts.com/hin/m05/m05172.htm
5	[(169, None, None)]	173	Section CLXXIII	https://www.sacred-texts.com/hin/m05/m05173.htm
5	[(170, None, None)]	174	Section CLXXIV	https://www.sacred-texts.com/hin/m05/m05174.htm
5	[(171, None, None)]	175	Section CLXXV	https://www.sacred-texts.com/hin/m05/m05175.htm
5	[(172, None, None)]	176	Section CLXXVI	https://www.sacred-texts.com/hin/m05/m05176.htm
5	[(173, None, None)]	177	Section CLXXVII	https://www.sacred-texts.com/hin/m05/m05177.htm
5	[(174, None, None), (175, None, None)]	178	Section CLXXVIII	https://www.sacred-texts.com/hin/m05/m05178.htm
5	[(176, None, None)]	179	Section CLXXIX	https://www.sacred-texts.com/hin/m05/m05179.htm
5	[(177, None, None)]	180	Section CLXXX	https://www.sacred-texts.com/hin/m05/m05180.htm
5	[(178, None, None), (179, None, None)]	181	Section CLXXXI	https://www.sacred-texts.com/hin/m05/m05181.htm
5	[(180, None, None)]	182	Section CLXXXII	https://www.sacred-texts.com/hin/m05/m05182.htm
5	[(181, None, None)]	183	Section CLXXXIII	https://www.sacred-texts.com/hin/m05/m05183.htm
5	[(182, None, None)]	184	Section CLXXXIV	https://www.sacred-texts.com/hin/m05/m05184.htm
5	[(183, None, None)]	185	Section CLXXXV	https://www.sacred-texts.com/hin/m05/m05185.htm
5	[(184, None, None)]	186	Section CLXXXVI	https://www.sacred-texts.com/hin/m05/m05186.htm
5	[(185, None, None)]	187	Section CLXXXVII	https://www.sacred-texts.com/hin/m05/m05187.htm
5	[(186, None, None)]	188	section CLXXXVIII	https://www.sacred-texts.com/hin/m05/m05188.htm
5	[(187, None, None)]	189	Section CLXXXIX	https://www.sacred-texts.com/hin/m05/m05189.htm
5	[(188, None, None)]	190	Section CXC	https://www.sacred-texts.com/hin/m05/m05190.htm
5	[(189, None, None)]	191	Section CXCI	https://www.sacred-texts.com/hin/m05/m05191.htm
5	[(190, None, None)]	192	Section CXCII	https://www.sacred-texts.com/hin/m05/m05192.htm
5	[(191, None, None)]	193	section CXCIII	https://www.sacred-texts.com/hin/m05/m05193.htm
5	[(192, None, None)]	194	Section CXCIV	https://www.sacred-texts.com/hin/m05/m05194.htm
5	[(193, None, None)]	195	Section CXCV	https://www.sacred-texts.com/hin/m05/m05195.htm
5	[(194, None, None)]	196	Section CXCVI	https://www.sacred-texts.com/hin/m05/m05196.htm
5	[(195, None, None)]	197	Section CXCVII	https://www.sacred-texts.com/hin/m05/m05197.htm
5	[(196, None, None)]	198	Section CXCVIII	https://www.sacred-texts.com/hin/m05/m05198.htm
5	[(197, None, None)]	199	Section CXCIX	https://www.sacred-texts.com/hin/m05/m05199.htm
6	[(1, None, None)]	1	Section I	https://www.sacred-texts.com/hin/m06/m06001.htm
6	[(2, None, None)]	2	Section II	https://www.sacred-texts.com/hin/m06/m06002.htm
6	[(3, None, None), (4, None, None)]	3	Section III	https://www.sacred-texts.com/hin/m06/m06003.htm
6	[(5, None, None)]	4	Section IV	https://www.sacred-texts.com/hin/m06/m06004.htm
6	[(6, None, None)]	5	Section V	https://www.sacred-texts.com/hin/m06/m06005.htm
6	[(7, None, None)]	6	Section VI	https://www.sacred-texts.com/hin/m06/m06006.htm
6	[(8, None, None)]	7	Section VII	https://www.sacred-texts.com/hin/m06/m06007.htm
6	[(9, None, None)]	8	Section VIII	https://www.sacred-texts.com/hin/m06/m06008.htm
6	[(10, None, None)]	9	Section IX	https://www.sacred-texts.com/hin/m06/m06009.htm
6	[(11, None, None)]	10	Section X	https://www.sacred-texts.com/hin/m06/m06010.htm
6	[(12, None, None)]	11	Section XI	https://www.sacred-texts.com/hin/m06/m06011.htm
6	[(13, None, None)]	12	Section XII	https://www.sacred-texts.com/hin/m06/m06012.htm
6	[(14, None, None)]	13	Section XIII	https://www.sacred-texts.com/hin/m06/m06013.htm
6	[(15, None, None)]	14	Section XIV	https://www.sacred-texts.com/hin/m06/m06014.htm
6	[(16, '1', '20')]	15	Section XV	https://www.sacred-texts.com/hin/m06/m06015.htm
6	[(16, '21', '46')]	16	Section XVI	https://www.sacred-texts.com/hin/m06/m06016.htm
6	[(17, None, None)]	17	Section XVII	https://www.sacred-texts.com/hin/m06/m06017.htm
6	[(18, None, None)]	18	Section XVIII	https://www.sacred-texts.com/hin/m06/m06018.htm
6	[(19, None, None)]	19	Section XIX	https://www.sacred-texts.com/hin/m06/m06019.htm
6	[(20, None, None)]	20	Section XX	https://www.sacred-texts.com/hin/m06/m06020.htm
6	[(21, None, None)]	21	Section XXI	https://www.sacred-texts.com/hin/m06/m06021.htm
6	[(22, '1', '16')]	22	Section XXII	https://www.sacred-texts.com/hin/m06/m06022.htm
6	[]	23	Section XXIII	https://www.sacred-texts.com/hin/m06/m06023.htm
6	[(22, '17', '22')]	24	Section XXIV	https://www.sacred-texts.com/hin/m06/m06024.htm
6	[(23, None, None)]	25	Section XXV (Bhagavad Gita Chapter I)	https://www.sacred-texts.com/hin/m06/m06025.htm
6	[(24, None, None)]	26	Section XXVI (Bhagavad Gita Chapter II)	https://www.sacred-texts.com/hin/m06/m06026.htm
6	[(25, None, None)]	27	Section XXVII (Bhagavad Gita Chapter III)	https://www.sacred-texts.com/hin/m06/m06027.htm
6	[(26, None, None)]	28	Section XXVIII (Bhagavad Gita Chapter IV)	https://www.sacred-texts.com/hin/m06/m06028.htm
6	[(27, None, None)]	29	Section XXIX (Bhagavad Gita Chapter V)	https://www.sacred-texts.com/hin/m06/m06029.htm
6	[(28, None, None)]	30	Section XXX (Bhagavad Gita Chapter VI)	https://www.sacred-texts.com/hin/m06/m06030.htm
6	[(29, None, None)]	31	Section XXXI (Bhagavad Gita Chapter VII)	https://www.sacred-texts.com/hin/m06/m06031.htm
6	[(30, None, None)]	32	Section XXXII (Bhagavad Gita Chapter VIII)	https://www.sacred-texts.com/hin/m06/m06032.htm
6	[(31, None, None)]	33	Section XXXIII (Bhagavad Gita Chapter IX)	https://www.sacred-texts.com/hin/m06/m06033.htm
6	[(32, None, None)]	34	Section XXXIV (Bhagavad Gita Chapter X)	https://www.sacred-texts.com/hin/m06/m06034.htm
6	[(33, None, None)]	35	Section XXXV (Bhagavad Gita Chapter XI)	https://www.sacred-texts.com/hin/m06/m06035.htm
6	[(34, None, None)]	36	Section XXXVI (Bhagavad Gita Chapter XII)	https://www.sacred-texts.com/hin/m06/m06036.htm
6	[(35, None, None)]	37	Section XXXVII (Bhagavad Gita, Chapter XIII)	https://www.sacred-texts.com/hin/m06/m06037.htm
6	[(36, None, None)]	38	Section XXXVIII (Bhagavad Gita Chapter XIV)	https://www.sacred-texts.com/hin/m06/m06038.htm
6	[(37, None, None)]	39	Section XXXIX (Bhagavad Gita Chapter XV)	https://www.sacred-texts.com/hin/m06/m06039.htm
6	[(38, None, None)]	40	Section XL (Bhagavad Gita Chapter XVI)	https://www.sacred-texts.com/hin/m06/m06040.htm
6	[(39, None, None)]	41	Section XLI (Bhagavad Gita, Chapter XVII)	https://www.sacred-texts.com/hin/m06/m06041.htm
6	[(40, None, None)]	42	Section XLII (Bhagavad Gita, Chapter XVIII)	https://www.sacred-texts.com/hin/m06/m06042.htm
6	[(41, None, None)]	43	Section XLIII	https://www.sacred-texts.com/hin/m06/m06043.htm
6	[(42, None, None)]	44	Section XLIV	https://www.sacred-texts.com/hin/m06/m06044.htm
6	[(43, None, None)]	45	Section XLV	https://www.sacred-texts.com/hin/m06/m06045.htm
6	[(44, None, None)]	46	Section XLVI	https://www.sacred-texts.com/hin/m06/m06046.htm
6	[(45, '1', '46')]	47	Section XLVII	https://www.sacred-texts.com/hin/m06/m06047.htm
6	[]	48	Section XLVIII	https://www.sacred-texts.com/hin/m06/m06048.htm
6	[(45, '47', '63')]	49	Section XLIX	https://www.sacred-texts.com/hin/m06/m06049.htm
6	[(46, None, None)]	50	Section L	https://www.sacred-texts.com/hin/m06/m06050.htm
6	[(47, None, None)]	51	Section LI	https://www.sacred-texts.com/hin/m06/m06051.htm
6	[(48, None, None)]	52	Section LII	https://www.sacred-texts.com/hin/m06/m06052.htm
6	[(49, None, None)]	53	Section LIII	https://www.sacred-texts.com/hin/m06/m06053.htm
6	[(50, None, None)]	54	Section LIV	https://www.sacred-texts.com/hin/m06/m06054.htm
6	[(51, None, None)]	55	Section LV	https://www.sacred-texts.com/hin/m06/m06055.htm
6	[(52, None, None)]	56	Section LVI	https://www.sacred-texts.com/hin/m06/m06056.htm
6	[(53, None, None)]	57	Section LVII	https://www.sacred-texts.com/hin/m06/m06057.htm
6	[(54, None, None)]	58	Section LVIII	https://www.sacred-texts.com/hin/m06/m06058.htm
6	[(55, None, None)]	59	Section LIX	https://www.sacred-texts.com/hin/m06/m06059.htm
6	[(56, None, None)]	60	Section LX	https://www.sacred-texts.com/hin/m06/m06060.htm
6	[(57, None, None)]	61	Section LXI	https://www.sacred-texts.com/hin/m06/m06061.htm
6	[(58, None, None)]	62	Section LXII	https://www.sacred-texts.com/hin/m06/m06062.htm
6	[(59, None, None)]	63	Section LXIII	https://www.sacred-texts.com/hin/m06/m06063.htm
6	[(60, None, None)]	64	Section LXIV	https://www.sacred-texts.com/hin/m06/m06064.htm
6	[(61, None, None)]	65	Section LXV	https://www.sacred-texts.com/hin/m06/m06065.htm
6	[(62, None, None)]	66	Section LXVI	https://www.sacred-texts.com/hin/m06/m06066.htm
6	[(63, None, None)]	67	Section LXVII	https://www.sacred-texts.com/hin/m06/m06067.htm
6	[(64, None, None)]	68	Section LXVIII	https://www.sacred-texts.com/hin/m06/m06068.htm
6	[(65, None, None)]	69	Section LXIX	https://www.sacred-texts.com/hin/m06/m06069.htm
6	[(66, None, None)]	70	Section LXX	https://www.sacred-texts.com/hin/m06/m06070.htm
6	[(67, None, None)]	71	Section LXXI	https://www.sacred-texts.com/hin/m06/m06071.htm
6	[(68, None, None)]	72	Section LXXII	https://www.sacred-texts.com/hin/m06/m06072.htm
6	[(69, None, None)]	73	Section LXXIII	https://www.sacred-texts.com/hin/m06/m06073.htm
6	[(70, None, None)]	74	Section LXXIV	https://www.sacred-texts.com/hin/m06/m06074.htm
6	[(71, None, None)]	75	Section LXXV	https://www.sacred-texts.com/hin/m06/m06075.htm
6	[(72, None, None)]	76	Section LXXVI	https://www.sacred-texts.com/hin/m06/m06076.htm
6	[(73, None, None)]	77	Section LXXVII	https://www.sacred-texts.com/hin/m06/m06077.htm
6	[(74, '1', '17b')]	78	Section LXXVIII	https://www.sacred-texts.com/hin/m06/m06078.htm
6	[(74, '17c', '36')]	79	Section LXXIX	https://www.sacred-texts.com/hin/m06/m06079.htm
6	[(75, None, None)]	80	Section LXXX	https://www.sacred-texts.com/hin/m06/m06080.htm
6	[(76, None, None)]	81	Section LXXXI	https://www.sacred-texts.com/hin/m06/m06081.htm
6	[(77, None, None)]	82	Section LXXXII	https://www.sacred-texts.com/hin/m06/m06082.htm
6	[(78, None, None)]	83	Section LXXXIII	https://www.sacred-texts.com/hin/m06/m06083.htm
6	[(79, None, None)]	84	Section LXXXIV	https://www.sacred-texts.com/hin/m06/m06084.htm
6	[(80, None, None)]	85	Section LXXXV	https://www.sacred-texts.com/hin/m06/m06085.htm
6	[(81, None, None)]	86	Section LXXXVI	https://www.sacred-texts.com/hin/m06/m06086.htm
6	[(82, None, None)]	87	Section LXXXVII	https://www.sacred-texts.com/hin/m06/m06087.htm
6	[(83, None, None)]	88	Section LXXXVIII	https://www.sacred-texts.com/hin/m06/m06088.htm
6	[(84, None, None)]	89	Section LXXXIX	https://www.sacred-texts.com/hin/m06/m06089.htm
6	[(85, None, None)]	90	Section XC	https://www.sacred-texts.com/hin/m06/m06090.htm
6	[(86, None, None)]	91	Section XCI	https://www.sacred-texts.com/hin/m06/m06091.htm
6	[(87, None, None)]	92	Section XCII	https://www.sacred-texts.com/hin/m06/m06092.htm
6	[(88, None, None)]	93	Section XCIII	https://www.sacred-texts.com/hin/m06/m06093.htm
6	[(89, None, None)]	94	Section XCIV	https://www.sacred-texts.com/hin/m06/m06094.htm
6	[(90, None, None)]	95	Section XCV	https://www.sacred-texts.com/hin/m06/m06095.htm
6	[(91, None, None)]	96	Section XCVI	https://www.sacred-texts.com/hin/m06/m06096.htm
6	[(92, None, None)]	97	Section XCVII	https://www.sacred-texts.com/hin/m06/m06097.htm
6	[(93, None, None)]	98	Section XCVIII	https://www.sacred-texts.com/hin/m06/m06098.htm
6	[(94, None, None), (95, '1', '25')]	99	Section XCIX	https://www.sacred-texts.com/hin/m06/m06099.htm
6	[(95, '26', '53')]	100	Section C	https://www.sacred-texts.com/hin/m06/m06100.htm
6	[(96, None, None)]	101	Section CI	https://www.sacred-texts.com/hin/m06/m06101.htm
6	[(97, None, None)]	102	Section CII	https://www.sacred-texts.com/hin/m06/m06102.htm
6	[(98, None, None)]	103	Section CIII	https://www.sacred-texts.com/hin/m06/m06103.htm
6	[(99, None, None)]	104	Section CIV	https://www.sacred-texts.com/hin/m06/m06104.htm
6	[(100, None, None)]	105	Section CV	https://www.sacred-texts.com/hin/m06/m06105.htm
6	[(101, None, None)]	106	Section CVI	https://www.sacred-texts.com/hin/m06/m06106.htm
6	[(102, None, None)]	107	Section CVII	https://www.sacred-texts.com/hin/m06/m06107.htm
6	[(103, None, None)]	108	Section CVIII	https://www.sacred-texts.com/hin/m06/m06108.htm
6	[(104, None, None)]	109	Section CIX	https://www.sacred-texts.com/hin/m06/m06109.htm
6	[(105, None, None)]	110	Section CX	https://www.sacred-texts.com/hin/m06/m06110.htm
6	[(106, None, None)]	111	Section CXI	https://www.sacred-texts.com/hin/m06/m06111.htm
6	[(107, None, None)]	112	Section CXII	https://www.sacred-texts.com/hin/m06/m06112.htm
6	[(108, None, None)]	113	Section CXIII	https://www.sacred-texts.com/hin/m06/m06113.htm
6	[(109, None, None)]	114	Section CXIV	https://www.sacred-texts.com/hin/m06/m06114.htm
6	[(110, None, None)]	115	Section CXV	https://www.sacred-texts.com/hin/m06/m06115.htm
6	[(111, None, None)]	116	Section CXVI	https://www.sacred-texts.com/hin/m06/m06116.htm
6	[(112, '1', '77')]	117	Section CXVII	https://www.sacred-texts.com/hin/m06/m06117.htm
6	[(112, '78', '138')]	118	Section CXVIII	https://www.sacred-texts.com/hin/m06/m06118.htm
6	[(113, None, None)]	119	Section CXIX	https://www.sacred-texts.com/hin/m06/m06119.htm
6	[(114, None, None)]	120	Section CXX	https://www.sacred-texts.com/hin/m06/m06120.htm
6	[(115, '1', '36')]	121	Section CXXI	https://www.sacred-texts.com/hin/m06/m06121.htm
6	[(115, '37', '65')]	122	Section CXXII	https://www.sacred-texts.com/hin/m06/m06122.htm
6	[(116, None, None)]	123	Section CXXIII	https://www.sacred-texts.com/hin/m06/m06123.htm
6	[(117, None, None)]	124	Section CXXIV	https://www.sacred-texts.com/hin/m06/m06124.htm
7	[(1, None, None)]	1	Section I	https://www.sacred-texts.com/hin/m07/m07001.htm
7	[(2, None, None)]	2	Section II	https://www.sacred-texts.com/hin/m07/m07002.htm
7	[(3, None, None)]	3	Section III	https://www.sacred-texts.com/hin/m07/m07003.htm
7	[(4, None, None)]	4	Section IV	https://www.sacred-texts.com/hin/m07/m07004.htm
7	[(5, '1', '20')]	5	Section V	https://www.sacred-texts.com/hin/m07/m07005.htm
7	[(5, '21', '33')]	6	Section VI	https://www.sacred-texts.com/hin/m07/m07006.htm
7	[(5, '34', '40'), (6, None, None)]	7	Section VII	https://www.sacred-texts.com/hin/m07/m07007.htm
7	[(7, None, None)]	8	Section VIII	https://www.sacred-texts.com/hin/m07/m07008.htm
7	[(8, None, None)]	9	Section IX	https://www.sacred-texts.com/hin/m07/m07009.htm
7	[(9, None, None)]	10	Section X	https://www.sacred-texts.com/hin/m07/m07010.htm
7	[(10, None, None)]	11	Section XI	https://www.sacred-texts.com/hin/m07/m07011.htm
7	[(11, None, None)]	12	Section XII	https://www.sacred-texts.com/hin/m07/m07012.htm
7	[(12, None, None)]	13	Section XIII	https://www.sacred-texts.com/hin/m07/m07013.htm
7	[(13, None, None)]	14	Section XIV	https://www.sacred-texts.com/hin/m07/m07014.htm
7	[(14, None, None)]	15	Section XV	https://www.sacred-texts.com/hin/m07/m07015.htm
7	[(15, None, None)]	16	Section XVI	https://www.sacred-texts.com/hin/m07/m07016.htm
7	[(16, None, None)]	17	Section XVII	https://www.sacred-texts.com/hin/m07/m07017.htm
7	[(17, None, None)]	18	Section XVIII	https://www.sacred-texts.com/hin/m07/m07018.htm
7	[(18, None, None)]	19	Section XIX	https://www.sacred-texts.com/hin/m07/m07019.htm
7	[(19, None, None)]	20	Section XX	https://www.sacred-texts.com/hin/m07/m07020.htm
7	[(20, None, None)]	21	Section XXI	https://www.sacred-texts.com/hin/m07/m07021.htm
7	[(21, None, None)]	22	Section XXII	https://www.sacred-texts.com/hin/m07/m07022.htm
7	[(22, None, None)]	23	Section XXIII	https://www.sacred-texts.com/hin/m07/m07023.htm
7	[(23, None, None)]	orig24	Original 24	NOPE
7	[(24, '1', '17'), (24, '18', '61')]	orig25	Original 25	NOPE
7	[(25, None, None)]	24orig26	Section XXIV	https://www.sacred-texts.com/hin/m07/m07024.htm
7	[(26, None, None)]	25orig27	Section XXV	https://www.sacred-texts.com/hin/m07/m07025.htm
7	[(27, None, None)]	26orig28	Section XXVI	https://www.sacred-texts.com/hin/m07/m07026.htm
7	[(28, None, None)]	27orig29	Section XXVII	https://www.sacred-texts.com/hin/m07/m07027.htm
7	[(29, None, None)]	28orig30	Section XXVIII	https://www.sacred-texts.com/hin/m07/m07028.htm
7	[(30, None, None)]	29orig31	Section XXIX	https://www.sacred-texts.com/hin/m07/m07029.htm
7	[(31, None, None)]	30orig32	Section XXX	https://www.sacred-texts.com/hin/m07/m07030.htm
7	[(32, None, None)]	31orig33	Section XXXI	https://www.sacred-texts.com/hin/m07/m07031.htm
7	[(33, None, None)]	32orig34	Section XXXII	https://www.sacred-texts.com/hin/m07/m07032.htm
7	[(34, None, None)]	33orig35	Section XXXIII	https://www.sacred-texts.com/hin/m07/m07033.htm
7	[(35, None, None)]	34orig36	Section XXXIV	https://www.sacred-texts.com/hin/m07/m07034.htm
7	[(36, None, None)]	35orig37	Section XXXV	https://www.sacred-texts.com/hin/m07/m07035.htm
7	[(37, None, None)]	36orig38	Section XXXVI	https://www.sacred-texts.com/hin/m07/m07036.htm
7	[(38, None, None)]	37orig39	Section XXXVII	https://www.sacred-texts.com/hin/m07/m07037.htm
7	[(39, None, None)]	38orig40	Section XXXVIII	https://www.sacred-texts.com/hin/m07/m07037.htm
7	[(40, None, None)]	39orig41	Section XXXIX	https://www.sacred-texts.com/hin/m07/m07038.htm
7	[(41, None, None)]	40orig42	Section XL	https://www.sacred-texts.com/hin/m07/m07039.htm
7	[(42, None, None)]	41orig43	Section XLI	https://www.sacred-texts.com/hin/m07/m07040.htm
7	[(43, None, None)]	42orig44	Section XLII	https://www.sacred-texts.com/hin/m07/m07041.htm
7	[(44, None, None)]	43orig45	Section XLIII	https://www.sacred-texts.com/hin/m07/m07042.htm
7	[(45, None, None)]	44orig46	Section XLIV	https://www.sacred-texts.com/hin/m07/m07043.htm
7	[(46, None, None)]	45orig47	Section XLV	https://www.sacred-texts.com/hin/m07/m07044.htm
7	[(47, None, None)]	46orig48	Section XLVI	https://www.sacred-texts.com/hin/m07/m07045.htm
7	[(48, '1', '38')]	47orig49	Section XLVII	https://www.sacred-texts.com/hin/m07/m07046.htm
7	[(48, '39', '53')]	48orig50	Section XLVIII	https://www.sacred-texts.com/hin/m07/m07047.htm
7	[(49, None, None)]	49orig51	Section XLIX	https://www.sacred-texts.com/hin/m07/m07048.htm
7	[]	50orig52	Section L	https://www.sacred-texts.com/hin/m07/m07049.htm
7	[]	51orig53	Section LI	https://www.sacred-texts.com/hin/m07/m07050.htm
7	[]	52orig54	Section LII	https://www.sacred-texts.com/hin/m07/m07051.htm
7	[]	53orig55	Section LIII	https://www.sacred-texts.com/hin/m07/m07052.htm
7	[]	56	Section LVI	https://www.sacred-texts.com/hin/m07/m07053.htm
7	[]	57	Section LVII	https://www.sacred-texts.com/hin/m07/m07054.htm
7	[]	58	Section LVIII	https://www.sacred-texts.com/hin/m07/m07055.htm
7	[]	59	Section LIX	https://www.sacred-texts.com/hin/m07/m07056.htm
7	[]	60	Section LX	https://www.sacred-texts.com/hin/m07/m07057.htm
7	[]	61	Section LXI	https://www.sacred-texts.com/hin/m07/m07058.htm
7	[]	62	Section LXII	https://www.sacred-texts.com/hin/m07/m07059.htm
7	[]	63	Section LXIII	https://www.sacred-texts.com/hin/m07/m07060.htm
7	[]	64	Section LXIV	https://www.sacred-texts.com/hin/m07/m07061.htm
7	[]	65	Section LXV	https://www.sacred-texts.com/hin/m07/m07062.htm
7	[]	66	Section LXVI	https://www.sacred-texts.com/hin/m07/m07063.htm
7	[]	67	Section LXVII	https://www.sacred-texts.com/hin/m07/m07064.htm
7	[]	68	Section LXVIII	https://www.sacred-texts.com/hin/m07/m07065.htm
7	[]	69	Section LXIX	https://www.sacred-texts.com/hin/m07/m07066.htm
7	[]	70	Section LXX	https://www.sacred-texts.com/hin/m07/m07067.htm
7	[]	71	Section LXXI	https://www.sacred-texts.com/hin/m07/m07068.htm
7	[(50, None, None)]	72	Section LXXII	https://www.sacred-texts.com/hin/m07/m07069.htm
7	[(51, None, None)]	73	Section LXXIII	https://www.sacred-texts.com/hin/m07/m07070.htm
7	[(52, None, None)]	74	Section LXXIV	https://www.sacred-texts.com/hin/m07/m07071.htm
7	[(53, '1', '30')]	75	Section LXXV	https://www.sacred-texts.com/hin/m07/m07072.htm
7	[(53, '31', '56')]	76	Section LXXVI	https://www.sacred-texts.com/hin/m07/m07073.htm
7	[(54, None, None)]	77	Section LXXVII	https://www.sacred-texts.com/hin/m07/m07074.htm
7	[(55, None, None)]	78	Section LXXVIII	https://www.sacred-texts.com/hin/m07/m07075.htm
7	[(56, None, None)]	79	Section LXXIX	https://www.sacred-texts.com/hin/m07/m07076.htm
7	[(57, '1', '59')]	80	Section LXXX	https://www.sacred-texts.com/hin/m07/m07077.htm
7	[(57, '60', '81')]	81	Section LXXXI	https://www.sacred-texts.com/hin/m07/m07078.htm
7	[(58, None, None)]	82	Section LXXXII	https://www.sacred-texts.com/hin/m07/m07079.htm
7	[(59, None, None)]	83	Section LXXXIII	https://www.sacred-texts.com/hin/m07/m07080.htm
7	[(60, None, None)]	84	Section LXXXIV	https://www.sacred-texts.com/hin/m07/m07081.htm
7	[(61, None, None)]	85	Section LXXXV	https://www.sacred-texts.com/hin/m07/m07082.htm
7	[(62, None, None)]	86	Section LXXXVI	https://www.sacred-texts.com/hin/m07/m07083.htm
7	[(63, None, None)]	87	Section LXXXVII	https://www.sacred-texts.com/hin/m07/m07084.htm
7	[(64, None, None)]	88orig88	Section LXXXVIII	https://www.sacred-texts.com/hin/m07/m07085.htm
7	[]	88orig89	Section LXXXVIII	https://www.sacred-texts.com/hin/m07/m07085.htm
7	[(65, None, None)]	89orig90	Section LXXXIX	https://www.sacred-texts.com/hin/m07/m07086.htm
7	[(66, None, None)]	90orig91	Section XC	https://www.sacred-texts.com/hin/m07/m07087.htm
7	[(67, None, None)]	91orig92	Section XCI	https://www.sacred-texts.com/hin/m07/m07088.htm
7	[(68, None, None)]	92orig93	Section XCII	https://www.sacred-texts.com/hin/m07/m07089.htm
7	[(69, None, None)]	93orig94	Section XCIII	https://www.sacred-texts.com/hin/m07/m07090.htm
7	[(70, None, None)]	94orig95	Section XCIV	https://www.sacred-texts.com/hin/m07/m07091.htm
7	[(71, None, None)]	95orig96	Section XCV	https://www.sacred-texts.com/hin/m07/m07092.htm
7	[(72, None, None)]	96orig97	Section XCVI	https://www.sacred-texts.com/hin/m07/m07093.htm
7	[(73, None, None)]	97orig98	Section XCVII	https://www.sacred-texts.com/hin/m07/m07094.htm
7	[(74, None, None)]	98orig99	Section XCVIII	https://www.sacred-texts.com/hin/m07/m07095.htm
7	[(75, None, None)]	99orig100	Section XCIX	https://www.sacred-texts.com/hin/m07/m07096.htm
7	[(76, None, None)]	100orig101	Section C	https://www.sacred-texts.com/hin/m07/m07097.htm
7	[(77, None, None)]	101orig102	Section CI	https://www.sacred-texts.com/hin/m07/m07098.htm
7	[(78, None, None)]	102orig103	Section CII	https://www.sacred-texts.com/hin/m07/m07099.htm
7	[(79, None, None)]	103orig104	Section CIII	https://www.sacred-texts.com/hin/m07/m07100.htm
7	[(80, None, None)]	104orig105	Section CIV	https://www.sacred-texts.com/hin/m07/m07101.htm
7	[(81, None, None)]	105orig106	Section CV	https://www.sacred-texts.com/hin/m07/m07102.htm
7	[(82, None, None)]	106orig107	Section CVI	https://www.sacred-texts.com/hin/m07/m07103.htm
7	[(83, None, None)]	107orig108	Section CVII	https://www.sacred-texts.com/hin/m07/m07104.htm
7	[(84, None, None)]	108orig109	Section CVIII	https://www.sacred-texts.com/hin/m07/m07105.htm
7	[(85, None, None)]	109orig110	Section CIX	https://www.sacred-texts.com/hin/m07/m07106.htm
7	[(86, None, None)]	110orig111	Section CX	https://www.sacred-texts.com/hin/m07/m07107.htm
7	[(87, None, None)]	111orig112	Section CXI	https://www.sacred-texts.com/hin/m07/m07108.htm
7	[(88, None, None)]	112orig113	Section CXII	https://www.sacred-texts.com/hin/m07/m07109.htm
7	[(89, None, None), (90, None, None)]	113orig114	Section CXIII	https://www.sacred-texts.com/hin/m07/m07110.htm
7	[(91, None, None)]	114orig115	Section CXIV	https://www.sacred-texts.com/hin/m07/m07111.htm
7	[(92, None, None)]	115orig116	Section CXV	https://www.sacred-texts.com/hin/m07/m07112.htm
7	[(93, None, None)]	116orig117	Section CXVI	https://www.sacred-texts.com/hin/m07/m07113.htm
7	[(94, None, None)]	117orig118	Section CXVII	https://www.sacred-texts.com/hin/m07/m07114.htm
7	[(95, None, None)]	118orig119	Section CXVIII	https://www.sacred-texts.com/hin/m07/m07115.htm
7	[(96, None, None)]	119orig120	Section CXIX	https://www.sacred-texts.com/hin/m07/m07116.htm
7	[(97, None, None)]	120orig121	Section CXX	https://www.sacred-texts.com/hin/m07/m07117.htm
7	[(98, None, None)]	121orig122	Section CXXI	https://www.sacred-texts.com/hin/m07/m07118.htm
7	[(99, None, None)]	122orig123	Section CXXII	https://www.sacred-texts.com/hin/m07/m07119.htm
7	[(100, None, None)]	123orig124	Section CXXII	https://www.sacred-texts.com/hin/m07/m07120.htm
7	[(101, None, None)]	124orig125	Section CXXIV	https://www.sacred-texts.com/hin/m07/m07121.htm
7	[(102, '1', '42')]	125orig126	Section CXXV	https://www.sacred-texts.com/hin/m07/m07122.htm
7	[(102, '43', '105')]	126orig127	Section CXXVI	https://www.sacred-texts.com/hin/m07/m07123.htm
7	[(103, None, None)]	127orig128	Section CXXVII	https://www.sacred-texts.com/hin/m07/m07124.htm
7	[(104, None, None)]	128orig129	Section CXXVIII	https://www.sacred-texts.com/hin/m07/m07125.htm
7	[(105, None, None)]	129orig130	Section CXXIX	https://www.sacred-texts.com/hin/m07/m07126.htm
7	[(106, None, None)]	130orig131	Section CXXX	https://www.sacred-texts.com/hin/m07/m07127.htm
7	[(107, None, None)]	131orig132	Section CXXXI	https://www.sacred-texts.com/hin/m07/m07128.htm
7	[(108, None, None)]	132orig133	Section CXXXII	https://www.sacred-texts.com/hin/m07/m07129.htm
7	[(109, None, None)]	133orig134	Section CXXXIII	https://www.sacred-texts.com/hin/m07/m07130.htm
7	[(110, None, None)]	134orig135	Section CXXXIV	https://www.sacred-texts.com/hin/m07/m07131.htm
7	[(111, None, None)]	135orig136	Section CXXXV	https://www.sacred-texts.com/hin/m07/m07132.htm
7	[(112, None, None)]	136orig137	Section CXXXVI	https://www.sacred-texts.com/hin/m07/m07133.htm
7	[(113, None, None)]	137orig138	Section CXXXVII	https://www.sacred-texts.com/hin/m07/m07134.htm
7	[(114, None, None)]	138orig139	Section CXXXVIII	https://www.sacred-texts.com/hin/m07/m07135.htm
7	[(115, None, None)]	139orig140	Section CXXXIX	https://www.sacred-texts.com/hin/m07/m07136.htm
7	[(116, None, None)]	140orig141	Section CXL	https://www.sacred-texts.com/hin/m07/m07137.htm
7	[(117, None, None)]	141orig142	Section CXLI	https://www.sacred-texts.com/hin/m07/m07138.htm
7	[(118, None, None)]	142orig143	Section CXLII	https://www.sacred-texts.com/hin/m07/m07139.htm
7	[(119, None, None)]	143orig144	Section CXLIII	https://www.sacred-texts.com/hin/m07/m07140.htm
7	[(120, None, None)]	144orig145	Section CXLIV	https://www.sacred-texts.com/hin/m07/m07141.htm
7	[(121, None, None)]	145orig146	Section CXLV	https://www.sacred-texts.com/hin/m07/m07142.htm
7	[(122, None, None)]	146orig147	Section CXLVI	https://www.sacred-texts.com/hin/m07/m07143.htm
7	[(123, None, None)]	147orig148	Section CXLVII	https://www.sacred-texts.com/hin/m07/m07144.htm
7	[(124, None, None)]	148orig149	Section CXLVIII	https://www.sacred-texts.com/hin/m07/m07145.htm
7	[(125, None, None)]	149orig150	Section CXLIX	https://www.sacred-texts.com/hin/m07/m07146.htm
7	[(126, None, None)]	150orig151	Section CI	https://www.sacred-texts.com/hin/m07/m07147.htm
7	[(127, None, None)]	151orig152	Section CLI	https://www.sacred-texts.com/hin/m07/m07148.htm
7	[(128, None, None)]	152orig153	Section CLII	https://www.sacred-texts.com/hin/m07/m07149.htm
7	[(129, None, None)]	153orig154	Section CLIII	https://www.sacred-texts.com/hin/m07/m07150.htm
7	[(130, None, None)]	154orig155	Section CLIV	https://www.sacred-texts.com/hin/m07/m07151.htm
7	[(131, None, None)]	155orig156	Section CLV	https://www.sacred-texts.com/hin/m07/m07152.htm
7	[(132, None, None)]	156orig157	Section CLVI	https://www.sacred-texts.com/hin/m07/m07153.htm
7	[(133, None, None)]	157orig158	Section CLVII	https://www.sacred-texts.com/hin/m07/m07154.htm
7	[(134, None, None)]	158orig159	Section CLVIII	https://www.sacred-texts.com/hin/m07/m07155.htm
7	[(135, None, None)]	159orig160	Section CLIX	https://www.sacred-texts.com/hin/m07/m07156.htm
7	[(136, None, None)]	160orig161	Section CLX	https://www.sacred-texts.com/hin/m07/m07157.htm
7	[(137, None, None)]	161orig162	Section CLXI	https://www.sacred-texts.com/hin/m07/m07158.htm
7	[(138, None, None)]	162orig163	Section CLXII	https://www.sacred-texts.com/hin/m07/m07159.htm
7	[(139, None, None)]	163orig164	Section CLXIII	https://www.sacred-texts.com/hin/m07/m07160.htm
7	[(140, None, None)]	164orig165	Section CLXIV	https://www.sacred-texts.com/hin/m07/m07161.htm
7	[(141, None, None)]	165orig166	Section CLXV	https://www.sacred-texts.com/hin/m07/m07162.htm
7	[(142, '1', '19')]	166orig167	Section CLXVI	https://www.sacred-texts.com/hin/m07/m07163.htm
7	[(142, '20', '44')]	167orig168	Section CLXVII	https://www.sacred-texts.com/hin/m07/m07164.htm
7	[(143, None, None)]	168orig169	Section CLXVIII	https://www.sacred-texts.com/hin/m07/m07165.htm
7	[(144, None, None)]	169orig170	Section CLXIX	https://www.sacred-texts.com/hin/m07/m07166.htm
7	[(145, None, None)]	170orig171	Section CLXX	https://www.sacred-texts.com/hin/m07/m07167.htm
7	[(146, None, None)]	171orig172	Section CLXXI	https://www.sacred-texts.com/hin/m07/m07168.htm
7	[(147, None, None)]	172orig173	Section CLXXII	https://www.sacred-texts.com/hin/m07/m07169.htm
7	[(148, None, None)]	173orig174	Section CLXXIII	https://www.sacred-texts.com/hin/m07/m07170.htm
7	[(149, None, None)]	174orig175	Section CLXXIV	https://www.sacred-texts.com/hin/m07/m07171.htm
7	[(150, None, None)]	175orig176	Section CLXXV	https://www.sacred-texts.com/hin/m07/m07172.htm
7	[(151, None, None)]	176orig177	Section CLXXVI	https://www.sacred-texts.com/hin/m07/m07173.htm
7	[(152, None, None)]	177orig178	Section CLXXVII	https://www.sacred-texts.com/hin/m07/m07174.htm
7	[(153, None, None)]	178orig179	Section CLXXVIII	https://www.sacred-texts.com/hin/m07/m07175.htm
7	[(154, None, None)]	179orig180	Section CLXXIX	https://www.sacred-texts.com/hin/m07/m07176.htm
7	[(155, None, None)]	180orig181	Section CLXXX	https://www.sacred-texts.com/hin/m07/m07177.htm
7	[(156, None, None)]	181orig182	Section CLXXXI	https://www.sacred-texts.com/hin/m07/m07178.htm
7	[(157, None, None)]	182orig183	Section CLXXXII	https://www.sacred-texts.com/hin/m07/m07179.htm
7	[(158, None, None)]	183orig184	Section CLXXXIII	https://www.sacred-texts.com/hin/m07/m07180.htm
7	[(159, None, None)]	184orig185	Section CLXXXIV	https://www.sacred-texts.com/hin/m07/m07181.htm
7	[(160, None, None)]	185orig186	Section CLXXXV	https://www.sacred-texts.com/hin/m07/m07182.htm
7	[(161, None, None)]	186orig187	Section CLXXXVI	https://www.sacred-texts.com/hin/m07/m07183.htm
7	[(162, None, None)]	187orig188	Section CLXXXVII	https://www.sacred-texts.com/hin/m07/m07184.htm
7	[(163, None, None)]	188orig189	Section CLXXXVIII	https://www.sacred-texts.com/hin/m07/m07185.htm
7	[(164, '1', '57')]	190	Section CXC	https://www.sacred-texts.com/hin/m07/m07186.htm
7	[(164, '58', '110')]	191	Section CXCI	https://www.sacred-texts.com/hin/m07/m07187.htm
7	[(164, '111', '159')]	192	Section CXCII	https://www.sacred-texts.com/hin/m07/m07188.htm
7	[(165, '1', '67')]	193	Section CXCIII	https://www.sacred-texts.com/hin/m07/m07189.htm
7	[(165, '68', '125')]	194	Section CXCIV	https://www.sacred-texts.com/hin/m07/m07190.htm
7	[(166, '1', '15')]	195	Section CXCV	https://www.sacred-texts.com/hin/m07/m07191.htm
7	[(166, '16', '60')]	196	Section CXCVI	https://www.sacred-texts.com/hin/m07/m07192.htm
7	[(167, None, None)]	197	Section CXCVII	https://www.sacred-texts.com/hin/m07/m07193.htm
7	[(168, None, None)]	198	Section CXCVIII	https://www.sacred-texts.com/hin/m07/m07194.htm
7	[(169, None, None)]	199	Section CXCIX	https://www.sacred-texts.com/hin/m07/m07195.htm
7	[(170, None, None)]	200	Section CC	https://www.sacred-texts.com/hin/m07/m07196.htm
7	[(171, None, None), (172, None, None)]	201	Section CCI	https://www.sacred-texts.com/hin/m07/m07197.htm
7	[(173, None, None)]	202	Section CCII	https://www.sacred-texts.com/hin/m07/m07198.htm
7	[]	203	Section CCIII	https://www.sacred-texts.com/hin/m07/m07199.htm
8	[(1, '1', '24')]	1	Section 1	https://www.sacred-texts.com/hin/m08/m08001.htm
8	[(1, '25', '49')]	2	Section 2	https://www.sacred-texts.com/hin/m08/m08002.htm
8	[(2, None, None)]	3	Section 3	https://www.sacred-texts.com/hin/m08/m08003.htm
8	[(3, None, None)]	4	Section 4	https://www.sacred-texts.com/hin/m08/m08004.htm
8	[(4, '1', '57')]	5	Section 5	https://www.sacred-texts.com/hin/m08/m08005.htm
8	[(4, '58', '87')]	6	Section 6	https://www.sacred-texts.com/hin/m08/m08006.htm
8	[(4, '88', '108')]	7	Section 7	https://www.sacred-texts.com/hin/m08/m08007.htm
8	[(5, '1', '26')]	8	Section 8	https://www.sacred-texts.com/hin/m08/m08008.htm
8	[(5, '27', '110')]	9	Section 9	https://www.sacred-texts.com/hin/m08/m08009.htm
8	[(6, None, None)]	10	Section 10	https://www.sacred-texts.com/hin/m08/m08010.htm
8	[(7, None, None)]	11	Section 11	https://www.sacred-texts.com/hin/m08/m08011.htm
8	[(8, None, None)]	12	Section 12	https://www.sacred-texts.com/hin/m08/m08012.htm
8	[(9, None, None)]	13	Section 13	https://www.sacred-texts.com/hin/m08/m08013.htm
8	[(10, None, None)]	14	Section 14	https://www.sacred-texts.com/hin/m08/m08014.htm
8	[(11, None, None)]	15	Section 15	https://www.sacred-texts.com/hin/m08/m08015.htm
8	[(12, '1', '47')]	16	Section 16	https://www.sacred-texts.com/hin/m08/m08016.htm
8	[(12, '48', '71')]	17	Section 17	https://www.sacred-texts.com/hin/m08/m08017.htm
8	[(13, None, None)]	18	Section 18	https://www.sacred-texts.com/hin/m08/m08018.htm
8	[(14, None, None)]	19	Section 19	https://www.sacred-texts.com/hin/m08/m08019.htm
8	[(15, None, None)]	20	Section 20	https://www.sacred-texts.com/hin/m08/m08020.htm
8	[(16, None, None)]	21	Section 21	https://www.sacred-texts.com/hin/m08/m08021.htm
8	[(17, '1', '29')]	22	Section 22	https://www.sacred-texts.com/hin/m08/m08022.htm
8	[(17, '30', '47')]	23	Section 23	https://www.sacred-texts.com/hin/m08/m08023.htm
8	[(17, '48', '120')]	24	Section 24	https://www.sacred-texts.com/hin/m08/m08024.htm
8	[(18, '1', '40')]	25	Section 25	https://www.sacred-texts.com/hin/m08/m08025.htm
8	[(18, '41', '76')]	26	Section 26	https://www.sacred-texts.com/hin/m08/m08026.htm
8	[(19, '1', '35')]	27	Section 27	https://www.sacred-texts.com/hin/m08/m08027.htm
8	[(19, '36', '75')]	28	Section 28	https://www.sacred-texts.com/hin/m08/m08028.htm
8	[(20, None, None)]	29	Section 29	https://www.sacred-texts.com/hin/m08/m08029.htm
8	[(21, None, None)]	30	Section 30	https://www.sacred-texts.com/hin/m08/m08030.htm
8	[(22, None, None)]	31	Section 31	https://www.sacred-texts.com/hin/m08/m08031.htm
8	[(23, None, None)]	32	Section 32	https://www.sacred-texts.com/hin/m08/m08032.htm
8	[(24, '1', '52')]	33	Section 33	https://www.sacred-texts.com/hin/m08/m08033.htm
8	[(24, '53', '161')]	34	Section 34	https://www.sacred-texts.com/hin/m08/m08034.htm
8	[(25, None, None)]	35	Section 35	https://www.sacred-texts.com/hin/m08/m08035.htm
8	[(26, '1', '30')]	36	Section 36	https://www.sacred-texts.com/hin/m08/m08036.htm
8	[(26, '31', '74')]	37	Section 37	https://www.sacred-texts.com/hin/m08/m08037.htm
8	[(27, '1', '17')]	38	Section 38	https://www.sacred-texts.com/hin/m08/m08038.htm
8	[(27, '18', '52')]	39	Section 39	https://www.sacred-texts.com/hin/m08/m08039.htm
8	[(27, '53', '105')]	40	Section 40	https://www.sacred-texts.com/hin/m08/m08040.htm
8	[(28, None, None)]	41	Section 41	https://www.sacred-texts.com/hin/m08/m08041.htm
8	[(29, None, None)]	42	Section 42	https://www.sacred-texts.com/hin/m08/m08042.htm
8	[(30, '1', '6')]	43	Section 43	https://www.sacred-texts.com/hin/m08/m08043.htm
8	[(30, '7', '47')]	44	Section 44	https://www.sacred-texts.com/hin/m08/m08044.htm
8	[(30, '48', '88')]	45	Section 45	https://www.sacred-texts.com/hin/m08/m08045.htm
8	[(31, None, None)]	46	Section 46	https://www.sacred-texts.com/hin/m08/m08046.htm
8	[(32, '1', '22')]	47	Section 47	https://www.sacred-texts.com/hin/m08/m08047.htm
8	[(32, '23', '84')]	48	Section 48	https://www.sacred-texts.com/hin/m08/m08048.htm
8	[(33, None, None)]	49	Section 49	https://www.sacred-texts.com/hin/m08/m08049.htm
8	[(34, None, None)]	50	Section 50	https://www.sacred-texts.com/hin/m08/m08050.htm
8	[(35, None, None)]	51	Section 51	https://www.sacred-texts.com/hin/m08/m08051.htm
8	[(36, None, None)]	52	Section 52	https://www.sacred-texts.com/hin/m08/m08052.htm
8	[(37, None, None)]	53	Section 53	https://www.sacred-texts.com/hin/m08/m08053.htm
8	[(38, None, None)]	54	Section 54	https://www.sacred-texts.com/hin/m08/m08054.htm
8	[(39, None, None)]	55	Section 55	https://www.sacred-texts.com/hin/m08/m08055.htm
8	[(40, None, None)]	56	Section 56	https://www.sacred-texts.com/hin/m08/m08056.htm
8	[]	57	Section 57	https://www.sacred-texts.com/hin/m08/m08057.htm
8	[(41, None, None)]	58	Section 58	https://www.sacred-texts.com/hin/m08/m08058.htm
8	[(42, None, None)]	59	Section 59	https://www.sacred-texts.com/hin/m08/m08059.htm
8	[(43, None, None)]	60	Section 60	https://www.sacred-texts.com/hin/m08/m08060.htm
8	[(44, None, None)]	61	Section 61	https://www.sacred-texts.com/hin/m08/m08061.htm
8	[]	62	Section 62	https://www.sacred-texts.com/hin/m08/m08062.htm
8	[]	63	Section 63	https://www.sacred-texts.com/hin/m08/m08063.htm
8	[(45, '1', '54')]	64	Section 64	https://www.sacred-texts.com/hin/m08/m08064.htm
8	[(45, '55', '73')]	65	Section 65	https://www.sacred-texts.com/hin/m08/m08065.htm
8	[(46, None, None)]	66	Section 66	https://www.sacred-texts.com/hin/m08/m08066.htm
8	[(47, None, None)]	67	Section 67	https://www.sacred-texts.com/hin/m08/m08067.htm
8	[(48, None, None)]	68	Section 68	https://www.sacred-texts.com/hin/m08/m08068.htm
8	[(49, '1', '71')]	69	Section 69	https://www.sacred-texts.com/hin/m08/m08069.htm
8	[(49, '72', '116')]	70	Section 70	https://www.sacred-texts.com/hin/m08/m08070.htm
8	[(50, '1', '34')]	71	Section 71	https://www.sacred-texts.com/hin/m08/m08071.htm
8	[(50, '35', '65')]	72	Section 72	https://www.sacred-texts.com/hin/m08/m08072.htm
8	[(51, None, None)]	73	Section 73	https://www.sacred-texts.com/hin/m08/m08073.htm
8	[(52, None, None)]	74	Section 74	https://www.sacred-texts.com/hin/m08/m08074.htm
8	[(53, None, None)]	75	Section 75	https://www.sacred-texts.com/hin/m08/m08075.htm
8	[(54, None, None)]	76	Section 76	https://www.sacred-texts.com/hin/m08/m08076.htm
8	[(55, None, None)]	77	Section 77	https://www.sacred-texts.com/hin/m08/m08077.htm
8	[(56, None, None)]	78	Section 78	https://www.sacred-texts.com/hin/m08/m08078.htm
8	[(57, None, None)]	79	Section 79	https://www.sacred-texts.com/hin/m08/m08079.htm
8	[(58, None, None)]	80	Section 80	https://www.sacred-texts.com/hin/m08/m08080.htm
8	[(59, None, None)]	81	Section 81	https://www.sacred-texts.com/hin/m08/m08081.htm
8	[(60, None, None)]	82	Section 82	https://www.sacred-texts.com/hin/m08/m08082.htm
8	[(61, None, None)]	83	Section 83	https://www.sacred-texts.com/hin/m08/m08083.htm
8	[(62, '1', '31')]	84	Section 84	https://www.sacred-texts.com/hin/m08/m08084.htm
8	[(62, '32', '62')]	85	Section 85	https://www.sacred-texts.com/hin/m08/m08085.htm
8	[]	86	Section 86	https://www.sacred-texts.com/hin/m08/m08086.htm
8	[(63, None, None)]	87	Section 87	https://www.sacred-texts.com/hin/m08/m08087.htm
8	[(64, None, None)]	88	Section 88	https://www.sacred-texts.com/hin/m08/m08088.htm
8	[(65, None, None)]	89	Section 89	https://www.sacred-texts.com/hin/m08/m08089.htm
8	[(66, None, None)]	90	Section 90	https://www.sacred-texts.com/hin/m08/m08090.htm
8	[(67, None, None)]	91	Section 91	https://www.sacred-texts.com/hin/m08/m08091.htm
8	[(68, '1', '13')]	92	Section 92	https://www.sacred-texts.com/hin/m08/m08092.htm
8	[]	93	Section 93	https://www.sacred-texts.com/hin/m08/m08093.htm
8	[(68, '14', '63')]	94	Section 94	https://www.sacred-texts.com/hin/m08/m08094.htm
8	[]	95	Section 95	https://www.sacred-texts.com/hin/m08/m08095.htm
8	[(69, None, None)]	96	Section 96	https://www.sacred-texts.com/hin/m08/m08096.htm
9	[(1, None, None)]	1	Section 1	https://www.sacred-texts.com/hin/m09/m09001.htm
9	[(2, None, None)]	2	Section 2	https://www.sacred-texts.com/hin/m09/m09002.htm
9	[(3, '1', '4')]	3	Section 3	https://www.sacred-texts.com/hin/m09/m09003.htm
9	[(3, '5', '50')]	4	Section 4	https://www.sacred-texts.com/hin/m09/m09004.htm
9	[(4, None, None)]	5	Section 5	https://www.sacred-texts.com/hin/m09/m09005.htm
9	[(5, None, None)]	6	Section 6	https://www.sacred-texts.com/hin/m09/m09006.htm
9	[(6, None, None)]	7	Section 7	https://www.sacred-texts.com/hin/m09/m09007.htm
9	[(7, None, None)]	8	Section 8	https://www.sacred-texts.com/hin/m09/m09008.htm
9	[(8, None, None)]	9	Section 9	https://www.sacred-texts.com/hin/m09/m09009.htm
9	[(9, None, None)]	10	Section 10	https://www.sacred-texts.com/hin/m09/m09010.htm
9	[(10, None, None)]	11	Section 11	https://www.sacred-texts.com/hin/m09/m09011.htm
9	[(11, None, None)]	12	Section 12	https://www.sacred-texts.com/hin/m09/m09012.htm
9	[(12, None, None)]	13	Section 13	https://www.sacred-texts.com/hin/m09/m09013.htm
9	[(13, None, None)]	14	Section 14	https://www.sacred-texts.com/hin/m09/m09014.htm
9	[(14, None, None)]	15	Section 15	https://www.sacred-texts.com/hin/m09/m09015.htm
9	[(15, None, None)]	16	Section 16	https://www.sacred-texts.com/hin/m09/m09016.htm
9	[(16, None, None)]	17	Section 17	https://www.sacred-texts.com/hin/m09/m09017.htm
9	[(17, None, None)]	18	Section 18	https://www.sacred-texts.com/hin/m09/m09018.htm
9	[(18, None, None)]	19	Section 19	https://www.sacred-texts.com/hin/m09/m09019.htm
9	[(19, None, None)]	20	Section 20	https://www.sacred-texts.com/hin/m09/m09020.htm
9	[(20, None, None)]	21	Section 21	https://www.sacred-texts.com/hin/m09/m09021.htm
9	[(21, None, None)]	22	Section 22	https://www.sacred-texts.com/hin/m09/m09022.htm
9	[(22, None, None)]	23	Section 23	https://www.sacred-texts.com/hin/m09/m09023.htm
9	[(23, None, None)]	24	Section 24	https://www.sacred-texts.com/hin/m09/m09024.htm
9	[(24, None, None)]	25	Section 25	https://www.sacred-texts.com/hin/m09/m09025.htm
9	[(25, None, None)]	26	Section 26	https://www.sacred-texts.com/hin/m09/m09026.htm
9	[(26, None, None)]	27	Section 27	https://www.sacred-texts.com/hin/m09/m09027.htm
9	[(27, None, None)]	28	Section 28	https://www.sacred-texts.com/hin/m09/m09028.htm
9	[(28, None, None)]	29	Section 29	https://www.sacred-texts.com/hin/m09/m09029.htm
9	[(29, None, None)]	30	Section 30	https://www.sacred-texts.com/hin/m09/m09030.htm
9	[(30, None, None)]	31	Section 31	https://www.sacred-texts.com/hin/m09/m09031.htm
9	[(31, None, None)]	32	Section 32	https://www.sacred-texts.com/hin/m09/m09032.htm
9	[(32, None, None)]	33	Section 33	https://www.sacred-texts.com/hin/m09/m09033.htm
9	[(33, None, None)]	34	Section 34	https://www.sacred-texts.com/hin/m09/m09034.htm
9	[(34, None, None)]	35	Section 35	https://www.sacred-texts.com/hin/m09/m09035.htm
9	[(35, None, None)]	36	Section 36	https://www.sacred-texts.com/hin/m09/m09036.htm
9	[(36, None, None)]	37	Section 37	https://www.sacred-texts.com/hin/m09/m09037.htm
9	[(37, None, None)]	38	Section 38	https://www.sacred-texts.com/hin/m09/m09038.htm
9	[(38, None, None)]	39	Section 39	https://www.sacred-texts.com/hin/m09/m09039.htm
9	[(39, None, None)]	40	Section 40	https://www.sacred-texts.com/hin/m09/m09040.htm
9	[(40, None, None)]	41	Section 41	https://www.sacred-texts.com/hin/m09/m09041.htm
9	[(41, None, None)]	42	Section 42	https://www.sacred-texts.com/hin/m09/m09042.htm
9	[(42, None, None)]	43	Section 43	https://www.sacred-texts.com/hin/m09/m09043.htm
9	[(43, None, None)]	44	Section 44	https://www.sacred-texts.com/hin/m09/m09044.htm
9	[(44, None, None)]	45	Section 45	https://www.sacred-texts.com/hin/m09/m09045.htm
9	[(45, None, None)]	46	Section 46	https://www.sacred-texts.com/hin/m09/m09046.htm
9	[(46, None, None)]	47	Section 47	https://www.sacred-texts.com/hin/m09/m09047.htm
9	[(47, None, None)]	48	Section 48	https://www.sacred-texts.com/hin/m09/m09048.htm
9	[(48, None, None)]	49	Section 49	https://www.sacred-texts.com/hin/m09/m09049.htm
9	[(49, None, None)]	50	Section 50	https://www.sacred-texts.com/hin/m09/m09050.htm
9	[(50, None, None)]	51	Section 51	https://www.sacred-texts.com/hin/m09/m09051.htm
9	[(51, None, None)]	52	Section 52	https://www.sacred-texts.com/hin/m09/m09052.htm
9	[(52, None, None)]	53	Section 53	https://www.sacred-texts.com/hin/m09/m09053.htm
9	[(53, None, None)]	54	Section 54	https://www.sacred-texts.com/hin/m09/m09054.htm
9	[(54, None, None)]	55	Section 55	https://www.sacred-texts.com/hin/m09/m09055.htm
9	[(55, None, None)]	56	Section 56	https://www.sacred-texts.com/hin/m09/m09056.htm
9	[(56, None, None)]	57	Section 57	https://www.sacred-texts.com/hin/m09/m09057.htm
9	[(57, None, None)]	58	Section 58	https://www.sacred-texts.com/hin/m09/m09058.htm
9	[(58, None, None)]	59	Section 59	https://www.sacred-texts.com/hin/m09/m09059.htm
9	[(59, None, None)]	60	Section 60	https://www.sacred-texts.com/hin/m09/m09060.htm
9	[(60, None, None)]	61	Section 61	https://www.sacred-texts.com/hin/m09/m09061.htm
9	[(61, None, None)]	62	Section 62	https://www.sacred-texts.com/hin/m09/m09062.htm
9	[(62, None, None)]	63	Section 63	https://www.sacred-texts.com/hin/m09/m09063.htm
9	[(63, None, None)]	64	Section 64	https://www.sacred-texts.com/hin/m09/m09064.htm
9	[(64, None, None)]	65	Section 65	https://www.sacred-texts.com/hin/m09/m09065.htm
10	[(1, None, None)]	1	Section 1	https://www.sacred-texts.com/hin/m10/m10001.htm
10	[(2, None, None)]	2	Section 2	https://www.sacred-texts.com/hin/m10/m10002.htm
10	[(3, None, None)]	3	Section 3	https://www.sacred-texts.com/hin/m10/m10003.htm
10	[(4, None, None)]	4	Section 4	https://www.sacred-texts.com/hin/m10/m10004.htm
10	[(5, None, None)]	5	Section 5	https://www.sacred-texts.com/hin/m10/m10005.htm
10	[(6, None, None)]	6	Section 6	https://www.sacred-texts.com/hin/m10/m10006.htm
10	[(7, None, None)]	7	Section 7	https://www.sacred-texts.com/hin/m10/m10007.htm
10	[(8, None, None)]	8	Section 8	https://www.sacred-texts.com/hin/m10/m10008.htm
10	[(9, None, None)]	9	Section 9	https://www.sacred-texts.com/hin/m10/m10009.htm
10	[(10, None, None)]	10	Section 10	https://www.sacred-texts.com/hin/m10/m10010.htm
10	[(11, None, None)]	11	Section 11	https://www.sacred-texts.com/hin/m10/m10011.htm
10	[(12, None, None)]	12	Section 12	https://www.sacred-texts.com/hin/m10/m10012.htm
10	[(13, None, None)]	13	Section 13	https://www.sacred-texts.com/hin/m10/m10013.htm
10	[(14, None, None)]	14	Section 14	https://www.sacred-texts.com/hin/m10/m10014.htm
10	[(15, None, None)]	15	Section 15	https://www.sacred-texts.com/hin/m10/m10015.htm
10	[(16, None, None)]	16	Section 16	https://www.sacred-texts.com/hin/m10/m10016.htm
10	[(17, None, None)]	17	Section 17	https://www.sacred-texts.com/hin/m10/m10017.htm
10	[(18, None, None)]	18	Section 18	https://www.sacred-texts.com/hin/m10/m10018.htm
11	[(1, None, None)]	1	Section 1	https://www.sacred-texts.com/hin/m11/m11001.htm
11	[(2, None, None)]	2	Section 2	https://www.sacred-texts.com/hin/m11/m11002.htm
11	[(3, None, None)]	3	Section 3	https://www.sacred-texts.com/hin/m11/m11003.htm
11	[(4, None, None)]	4	Section 4	https://www.sacred-texts.com/hin/m11/m11004.htm
11	[(5, None, None)]	5	Section 5	https://www.sacred-texts.com/hin/m11/m11005.htm
11	[(6, None, None)]	6	Section 6	https://www.sacred-texts.com/hin/m11/m11006.htm
11	[(7, None, None)]	7	Section 7	https://www.sacred-texts.com/hin/m11/m11007.htm
11	[(8, None, None)]	8	Section 8	https://www.sacred-texts.com/hin/m11/m11008.htm
11	[(9, '1', '2')]	9	Section 9	https://www.sacred-texts.com/hin/m11/m11009.htm
11	[(9, '3', '21')]	10	Section 10	https://www.sacred-texts.com/hin/m11/m11010.htm
11	[(10, None, None)]	11	Section 11	https://www.sacred-texts.com/hin/m11/m11011.htm
11	[(11, None, None)]	12	Section 12	https://www.sacred-texts.com/hin/m11/m11012.htm
11	[(12, None, None)]	13	Section 13	https://www.sacred-texts.com/hin/m11/m11012.htm
11	[(13, None, None)]	14	Section 14	https://www.sacred-texts.com/hin/m11/m11013.htm
11	[(14, None, None), (15, None, None)]	15	Section 15	https://www.sacred-texts.com/hin/m11/m11014.htm
11	[(16, None, None)]	16	Section 16	https://www.sacred-texts.com/hin/m11/m11015.htm
11	[(17, None, None)]	17	Section 17	https://www.sacred-texts.com/hin/m11/m11016.htm
11	[(18, None, None)]	18	Section 18	https://www.sacred-texts.com/hin/m11/m11017.htm
11	[(19, None, None)]	19	Section 19	https://www.sacred-texts.com/hin/m11/m11018.htm
11	[(20, None, None)]	20	Section 20	https://www.sacred-texts.com/hin/m11/m11019.htm
11	[(21, None, None)]	21	Section 21	https://www.sacred-texts.com/hin/m11/m11020.htm
11	[(22, None, None)]	22	Section 22	https://www.sacred-texts.com/hin/m11/m11021.htm
11	[(23, None, None)]	23	Section 23	https://www.sacred-texts.com/hin/m11/m11022.htm
11	[(24, None, None)]	24	Section 24	https://www.sacred-texts.com/hin/m11/m11023.htm
11	[(25, None, None)]	25	Section 25	https://www.sacred-texts.com/hin/m11/m11024.htm
11	[(26, None, None)]	26	Section 26	https://www.sacred-texts.com/hin/m11/m11025.htm
11	[(27, None, None)]	27	Section 27	https://www.sacred-texts.com/hin/m11/m11026.htm
12	[(1, None, None)]	1	Section I	https://www.sacred-texts.com/hin/m12/m12a001.htm
12	[(2, None, None)]	2	Section II	https://www.sacred-texts.com/hin/m12/m12a002.htm
12	[(3, None, None)]	3	Section III	https://www.sacred-texts.com/hin/m12/m12a003.htm
12	[(4, None, None)]	4	Section IV	https://www.sacred-texts.com/hin/m12/m12a004.htm
12	[(5, None, None)]	5	Section V	https://www.sacred-texts.com/hin/m12/m12a005.htm
12	[(6, None, None)]	6	Section VI	https://www.sacred-texts.com/hin/m12/m12a006.htm
12	[(7, None, None)]	7	Section VII	https://www.sacred-texts.com/hin/m12/m12a007.htm
12	[(8, None, None)]	8	Section VIII	https://www.sacred-texts.com/hin/m12/m12a008.htm
12	[(9, None, None)]	9	Section IX	https://www.sacred-texts.com/hin/m12/m12a009.htm
12	[(10, None, None)]	10	Section X	https://www.sacred-texts.com/hin/m12/m12a010.htm
12	[(11, None, None)]	11	Section XI	https://www.sacred-texts.com/hin/m12/m12a011.htm
12	[(12, None, None)]	12	Section XII	https://www.sacred-texts.com/hin/m12/m12a012.htm
12	[(13, None, None)]	13	Section XIII	https://www.sacred-texts.com/hin/m12/m12a013.htm
12	[(14, None, None)]	14	Section XIV	https://www.sacred-texts.com/hin/m12/m12a014.htm
12	[(15, None, None)]	15	Section XV	https://www.sacred-texts.com/hin/m12/m12a015.htm
12	[(16, None, None)]	16	Section XVI	https://www.sacred-texts.com/hin/m12/m12a016.htm
12	[(17, None, None)]	17	Section XVII	https://www.sacred-texts.com/hin/m12/m12a017.htm
12	[(18, None, None)]	18	Section XVIII	https://www.sacred-texts.com/hin/m12/m12a018.htm
12	[(19, None, None)]	19	Section XIX	https://www.sacred-texts.com/hin/m12/m12a019.htm
12	[(20, None, None)]	20	Section XX	https://www.sacred-texts.com/hin/m12/m12a020.htm
12	[(21, None, None)]	21	Section XXI	https://www.sacred-texts.com/hin/m12/m12a021.htm
12	[(22, None, None)]	22	Section XXII	https://www.sacred-texts.com/hin/m12/m12a022.htm
12	[(23, None, None), (24, None, None)]	23	Section XXIII	https://www.sacred-texts.com/hin/m12/m12a023.htm
12	[(25, None, None)]	24	Section XXIV	https://www.sacred-texts.com/hin/m12/m12a024.htm
12	[(26, None, None)]	25	Section XXV	https://www.sacred-texts.com/hin/m12/m12a025.htm
12	[]	26	Section XXVI	https://www.sacred-texts.com/hin/m12/m12a026.htm
12	[(27, None, None)]	27	Section XXVII	https://www.sacred-texts.com/hin/m12/m12a027.htm
12	[(28, None, None)]	28	Section XXVIII	https://www.sacred-texts.com/hin/m12/m12a028.htm
12	[(29, None, None)]	29	Section XXIX	https://www.sacred-texts.com/hin/m12/m12a029.htm
12	[(30, None, None)]	30	Section XXX	https://www.sacred-texts.com/hin/m12/m12a030.htm
12	[(31, None, None)]	31	Section XXXI	https://www.sacred-texts.com/hin/m12/m12a031.htm
12	[(32, None, None)]	32	Section XXXII	https://www.sacred-texts.com/hin/m12/m12a032.htm
12	[(33, None, None), (34, None, None)]	33	Section XXXIII	https://www.sacred-texts.com/hin/m12/m12a033.htm
12	[(35, None, None)]	34&35	Section XXXIV-XXXV	https://www.sacred-texts.com/hin/m12/m12a034.htm
12	[(36, None, None), (37, '1', '1')]	36	Section XXXVI	https://www.sacred-texts.com/hin/m12/m12a035.htm
12	[(37, '2', '43')]	37	Section XXXVII	https://www.sacred-texts.com/hin/m12/m12a036.htm
12	[(38, None, None)]	38	Section XXXVIII	https://www.sacred-texts.com/hin/m12/m12a037.htm
12	[(39, '1', '37')]	39	Section XXXIX	https://www.sacred-texts.com/hin/m12/m12a038.htm
12	[(39, '38', '49')]	40	Section XL	https://www.sacred-texts.com/hin/m12/m12a039.htm
12	[(40, None, None)]	41	Section XLI	https://www.sacred-texts.com/hin/m12/m12a040.htm
12	[(41, None, None)]	42	Section XLII	https://www.sacred-texts.com/hin/m12/m12a041.htm
12	[(42, None, None)]	43	Section XLIII	https://www.sacred-texts.com/hin/m12/m12a042.htm
12	[(43, None, None)]	44	Section XLIV	https://www.sacred-texts.com/hin/m12/m12a043.htm
12	[(44, None, None)]	45	Section XLV	https://www.sacred-texts.com/hin/m12/m12a044.htm
12	[(45, None, None)]	46	Section XLVI	https://www.sacred-texts.com/hin/m12/m12a045.htm
12	[(46, None, None)]	47	Section XLVII	https://www.sacred-texts.com/hin/m12/m12a046.htm
12	[(47, None, None)]	48	Section XLVIII	https://www.sacred-texts.com/hin/m12/m12a047.htm
12	[(48, None, None)]	49	Section XLIX	https://www.sacred-texts.com/hin/m12/m12a048.htm
12	[(49, None, None)]	50	Section L	https://www.sacred-texts.com/hin/m12/m12a049.htm
12	[(50, None, None)]	51	Section LI	https://www.sacred-texts.com/hin/m12/m12a050.htm
12	[(51, None, None)]	51b	Section LI	NOPE/m12/m12a050b.htm
12	[(52, None, None)]	52	Section LII	https://www.sacred-texts.com/hin/m12/m12a051.htm
12	[(53, None, None)]	53	Section LIII	https://www.sacred-texts.com/hin/m12/m12a052.htm
12	[(54, None, None)]	54	Section LIV	https://www.sacred-texts.com/hin/m12/m12a053.htm
12	[(55, None, None)]	55	Section LV	https://www.sacred-texts.com/hin/m12/m12a054.htm
12	[(56, None, None)]	56	Section LVI	https://www.sacred-texts.com/hin/m12/m12a055.htm
12	[(57, None, None)]	57	Section LVII	https://www.sacred-texts.com/hin/m12/m12a056.htm
12	[(58, None, None)]	58	Section LVIII	https://www.sacred-texts.com/hin/m12/m12a057.htm
12	[(59, None, None)]	59	Section LIX	https://www.sacred-texts.com/hin/m12/m12a058.htm
12	[(60, None, None)]	60	Section LX	https://www.sacred-texts.com/hin/m12/m12a059.htm
12	[(61, None, None)]	61	Section LXI	https://www.sacred-texts.com/hin/m12/m12a060.htm
12	[(62, None, None)]	62	Section LXII	https://www.sacred-texts.com/hin/m12/m12a061.htm
12	[(63, None, None)]	63	Section LXIII	https://www.sacred-texts.com/hin/m12/m12a062.htm
12	[(64, None, None)]	64	Section LXIV	https://www.sacred-texts.com/hin/m12/m12a063.htm
12	[(65, None, None)]	65	Section LXV	https://www.sacred-texts.com/hin/m12/m12a064.htm
12	[(66, None, None)]	66	Section LXVI	https://www.sacred-texts.com/hin/m12/m12a065.htm
12	[(67, None, None)]	67	Section LXVII	https://www.sacred-texts.com/hin/m12/m12a066.htm
12	[(68, None, None)]	68	Section LXVIII	https://www.sacred-texts.com/hin/m12/m12a067.htm
12	[(69, None, None), (70, None, None)]	69	Section LXIX	https://www.sacred-texts.com/hin/m12/m12a068.htm
12	[(71, None, None)]	70	Section LXX	https://www.sacred-texts.com/hin/m12/m12a069.htm
12	[(72, None, None)]	71	Section LXXI	https://www.sacred-texts.com/hin/m12/m12a070.htm
12	[(73, None, None)]	72	Section LXXII	https://www.sacred-texts.com/hin/m12/m12a071.htm
12	[(74, None, None)]	73	Section LXXIII	https://www.sacred-texts.com/hin/m12/m12a072.htm
12	[(75, None, None)]	74	Section LXXIV	https://www.sacred-texts.com/hin/m12/m12a073.htm
12	[(76, None, None)]	75	Section LXXV	https://www.sacred-texts.com/hin/m12/m12a074.htm
12	[(77, None, None)]	76	Section LXXVI	https://www.sacred-texts.com/hin/m12/m12a075.htm
12	[(78, None, None)]	77	Section LXXVII	https://www.sacred-texts.com/hin/m12/m12a076.htm
12	[(79, None, None)]	78	Section LXXVIII	https://www.sacred-texts.com/hin/m12/m12a077.htm
12	[(80, None, None)]	79	Section LXXIX	https://www.sacred-texts.com/hin/m12/m12a078.htm
12	[(81, None, None)]	80	Section LXXX	https://www.sacred-texts.com/hin/m12/m12a079.htm
12	[(82, None, None)]	81	Section LXXXI	https://www.sacred-texts.com/hin/m12/m12a080.htm
12	[(83, None, None)]	82	Section LXXXII	https://www.sacred-texts.com/hin/m12/m12a081.htm
12	[(84, None, None)]	83	Section LXXXIII	https://www.sacred-texts.com/hin/m12/m12a082.htm
12	[(85, None, None)]	84	Section LXXXIV	https://www.sacred-texts.com/hin/m12/m12a083.htm
12	[(86, None, None)]	85	Section LXXXV	https://www.sacred-texts.com/hin/m12/m12a084.htm
12	[(87, None, None)]	86	Section LXXXVI	https://www.sacred-texts.com/hin/m12/m12a085.htm
12	[(88, None, None)]	87	Section LXXXVII	https://www.sacred-texts.com/hin/m12/m12a086.htm
12	[(89, None, None)]	88	Section LXXXVIII	https://www.sacred-texts.com/hin/m12/m12a087.htm
12	[(90, None, None)]	89	Section LXXXIX	https://www.sacred-texts.com/hin/m12/m12a088.htm
12	[(91, None, None)]	90	Section XC	https://www.sacred-texts.com/hin/m12/m12a089.htm
12	[(92, None, None)]	91	Section XCI	https://www.sacred-texts.com/hin/m12/m12a090.htm
12	[(93, None, None)]	92	Section XCII	https://www.sacred-texts.com/hin/m12/m12a091.htm
12	[(94, None, None)]	93	Section XCIII	https://www.sacred-texts.com/hin/m12/m12a092.htm
12	[(95, None, None)]	94	Section XCIV	https://www.sacred-texts.com/hin/m12/m12a093.htm
12	[(96, None, None)]	95	Section XCV	https://www.sacred-texts.com/hin/m12/m12a094.htm
12	[(97, None, None)]	96	Section XCVI	https://www.sacred-texts.com/hin/m12/m12a095.htm
12	[(98, None, None)]	97	Section XCVII	https://www.sacred-texts.com/hin/m12/m12a096.htm
12	[(99, None, None)]	98	Section XCVIII	https://www.sacred-texts.com/hin/m12/m12a097.htm
12	[(100, None, None)]	99	Section XCIX	https://www.sacred-texts.com/hin/m12/m12a098.htm
12	[(101, None, None)]	100	Section C	https://www.sacred-texts.com/hin/m12/m12a099.htm
12	[(102, None, None)]	101	Section CI	https://www.sacred-texts.com/hin/m12/m12a100.htm
12	[(103, None, None)]	102	Section CII	https://www.sacred-texts.com/hin/m12/m12a101.htm
12	[(104, None, None)]	103	Section CIII	https://www.sacred-texts.com/hin/m12/m12a102.htm
12	[(105, None, None)]	104	Section CIV	https://www.sacred-texts.com/hin/m12/m12a103.htm
12	[(106, None, None)]	105	Section CV	https://www.sacred-texts.com/hin/m12/m12a104.htm
12	[(107, None, None)]	106	Section CVI	https://www.sacred-texts.com/hin/m12/m12a105.htm
12	[(108, None, None)]	107	Section CVII	https://www.sacred-texts.com/hin/m12/m12a106.htm
12	[(109, None, None)]	108	Section CVIII	https://www.sacred-texts.com/hin/m12/m12a107.htm
12	[(110, None, None)]	109	Section CIX	https://www.sacred-texts.com/hin/m12/m12a108.htm
12	[(111, None, None)]	110	Section CX	https://www.sacred-texts.com/hin/m12/m12a109.htm
12	[(112, None, None)]	111	Section CXI	https://www.sacred-texts.com/hin/m12/m12a110.htm
12	[(113, None, None)]	112	Section CXII	https://www.sacred-texts.com/hin/m12/m12a111.htm
12	[(114, None, None)]	113	Section CXIII	https://www.sacred-texts.com/hin/m12/m12a112.htm
12	[(115, None, None)]	114	Section CXIV	https://www.sacred-texts.com/hin/m12/m12a113.htm
12	[(116, None, None)]	115	Section CXV	https://www.sacred-texts.com/hin/m12/m12a114.htm
12	[(117, '1', '21')]	116	Section CXVI	https://www.sacred-texts.com/hin/m12/m12a115.htm
12	[(117, '22', '44')]	117	Section CXVII	https://www.sacred-texts.com/hin/m12/m12a116.htm
12	[(118, None, None)]	118	Section CXVIII	https://www.sacred-texts.com/hin/m12/m12a117.htm
12	[(119, None, None)]	119	Section CXIX	https://www.sacred-texts.com/hin/m12/m12a118.htm
12	[(120, None, None)]	120	Section CXX	https://www.sacred-texts.com/hin/m12/m12a119.htm
12	[(121, None, None)]	121	Section CXXI	https://www.sacred-texts.com/hin/m12/m12a120.htm
12	[(122, None, None)]	122	Section CXXII	https://www.sacred-texts.com/hin/m12/m12a121.htm
12	[(123, None, None)]	123	Section CXXIII	https://www.sacred-texts.com/hin/m12/m12a122.htm
12	[(124, None, None)]	124	Section CXXIV	https://www.sacred-texts.com/hin/m12/m12a123.htm
12	[(125, '1', '19')]	125	Section CXXV	https://www.sacred-texts.com/hin/m12/m12a124.htm
12	[(125, '20', '34')]	126	Section CXXVI	https://www.sacred-texts.com/hin/m12/m12a125.htm
12	[(126, '1', '26')]	127	Section CXXVII	https://www.sacred-texts.com/hin/m12/m12a126.htm
12	[(126, '27', '52')]	128	Section CXXVIII	https://www.sacred-texts.com/hin/m12/m12a127.htm
12	[(127, None, None)]	129	Section CXXIX	https://www.sacred-texts.com/hin/m12/m12a128.htm
12	[(128, None, None)]	130	Section CXXX	https://www.sacred-texts.com/hin/m12/m12a129.htm
12	[(129, None, None)]	131	Section CXXXI	https://www.sacred-texts.com/hin/m12/m12a130.htm
12	[(130, None, None)]	132	Section CXXXII	https://www.sacred-texts.com/hin/m12/m12a131.htm
12	[(131, None, None)]	133	Section CXXXIII	https://www.sacred-texts.com/hin/m12/m12a132.htm
12	[(132, None, None)]	134	Section CXXXIV	https://www.sacred-texts.com/hin/m12/m12a133.htm
12	[(133, None, None)]	135	Section CXXXV	https://www.sacred-texts.com/hin/m12/m12a134.htm
12	[(134, None, None)]	136	Section CXXXVI	https://www.sacred-texts.com/hin/m12/m12a135.htm
12	[(135, None, None)]	137	Section CXXXVII	https://www.sacred-texts.com/hin/m12/m12a136.htm
12	[(136, None, None)]	138	Section CXXXVIII	https://www.sacred-texts.com/hin/m12/m12a137.htm
12	[(137, None, None)]	139	Section CXXXIX	https://www.sacred-texts.com/hin/m12/m12a138.htm
12	[(138, None, None)]	140	Section CXL	https://www.sacred-texts.com/hin/m12/m12a139.htm
12	[(139, None, None)]	141	Section CXLI	https://www.sacred-texts.com/hin/m12/m12a140.htm
12	[(140, None, None)]	142	Section CXLII	https://www.sacred-texts.com/hin/m12/m12a141.htm
12	[(141, None, None)]	143	Section CXLIII	https://www.sacred-texts.com/hin/m12/m12a142.htm
12	[(142, '1', '10')]	144	Section CXLIV	https://www.sacred-texts.com/hin/m12/m12a143.htm
12	[(142, '11', '20')]	145	Section CXLV	https://www.sacred-texts.com/hin/m12/m12a144.htm
12	[(142, '21', '44')]	146	Section CXLVI	https://www.sacred-texts.com/hin/m12/m12a145.htm
12	[(143, None, None)]	147	Section CXLVII	https://www.sacred-texts.com/hin/m12/m12a146.htm
12	[(144, None, None)]	148	Section CXLVIII	https://www.sacred-texts.com/hin/m12/m12a147.htm
12	[(145, None, None)]	149	Section CXLIX	https://www.sacred-texts.com/hin/m12/m12a148.htm
12	[(146, None, None)]	150	Section CL	https://www.sacred-texts.com/hin/m12/m12a149.htm
12	[(147, None, None)]	151	Section CLI	https://www.sacred-texts.com/hin/m12/m12a150.htm
12	[(148, None, None)]	152	Section CLII	https://www.sacred-texts.com/hin/m12/m12a151.htm
12	[(149, None, None)]	153	Section CLIII	https://www.sacred-texts.com/hin/m12/m12a152.htm
12	[(150, '1', '18')]	154	Section CLIV	https://www.sacred-texts.com/hin/m12/m12a153.htm
12	[(150, '19', '36')]	155	Section CLV	https://www.sacred-texts.com/hin/m12/m12a154.htm
12	[(151, '1', '18')]	156	Section CLVI	https://www.sacred-texts.com/hin/m12/m12a155.htm
12	[(151, '19', '34')]	157	Section CLVII	https://www.sacred-texts.com/hin/m12/m12a156.htm
12	[(152, None, None)]	158	Section CLVIII	https://www.sacred-texts.com/hin/m12/m12a157.htm
12	[(153, None, None)]	159	Section CLIX	https://www.sacred-texts.com/hin/m12/m12a158.htm
12	[(154, None, None)]	160	Section CLX	https://www.sacred-texts.com/hin/m12/m12a159.htm
12	[(155, None, None)]	161	Section CLXI	https://www.sacred-texts.com/hin/m12/m12a160.htm
12	[(156, None, None)]	162	Section CLXII	https://www.sacred-texts.com/hin/m12/m12a161.htm
12	[(157, None, None)]	163	Section CLXIII	https://www.sacred-texts.com/hin/m12/m12a162.htm
12	[(158, None, None)]	164	Section CLXIV	https://www.sacred-texts.com/hin/m12/m12a163.htm
12	[(159, None, None)]	165	Section CLXV	https://www.sacred-texts.com/hin/m12/m12a164.htm
12	[(160, None, None)]	166	Section CLXVI	https://www.sacred-texts.com/hin/m12/m12a165.htm
12	[(161, None, None)]	167	Section CLXVII	https://www.sacred-texts.com/hin/m12/m12a166.htm
12	[(162, None, None)]	168	Section CLXVIII	https://www.sacred-texts.com/hin/m12/m12a167.htm
12	[(163, None, None)]	169	Section CLXIX	https://www.sacred-texts.com/hin/m12/m12a168.htm
12	[(164, None, None)]	170	Section CLXX	https://www.sacred-texts.com/hin/m12/m12a169.htm
12	[(165, None, None)]	171	Section CLXXI	https://www.sacred-texts.com/hin/m12/m12a170.htm
12	[(166, None, None)]	172	Section CLXXII	https://www.sacred-texts.com/hin/m12/m12a171.htm
12	[(167, None, None)]	173	Section CLXXIII	https://www.sacred-texts.com/hin/m12/m12a172.htm
12	[(168, None, None)]	174	Section CLXXIV	https://www.sacred-texts.com/hin/m12/m12b001.htm
12	[(169, None, None)]	175	Section CLXXV	https://www.sacred-texts.com/hin/m12/m12b002.htm
12	[(170, None, None)]	176	Section CLXXVI	https://www.sacred-texts.com/hin/m12/m12b003.htm
12	[(171, '1', '54')]	177	Section CLXXVII	https://www.sacred-texts.com/hin/m12/m12b004.htm
12	[(171, '55', '61')]	178	Section CLXXVIII	https://www.sacred-texts.com/hin/m12/m12b005.htm
12	[(172, None, None)]	179	Section CLXXIX	https://www.sacred-texts.com/hin/m12/m12b006.htm
12	[(173, None, None)]	180	Section CLXXX	https://www.sacred-texts.com/hin/m12/m12b007.htm
12	[(174, None, None)]	181	Section CLXXXI	https://www.sacred-texts.com/hin/m12/m12b008.htm
12	[(175, None, None)]	182	Section CLXXXII	https://www.sacred-texts.com/hin/m12/m12b009.htm
12	[(176, None, None)]	183	Section CLXXXIII	https://www.sacred-texts.com/hin/m12/m12b010.htm
12	[(177, None, None)]	184	Section CLXXXIV	https://www.sacred-texts.com/hin/m12/m12b011.htm
12	[(178, None, None)]	185	Section CLXXXV	https://www.sacred-texts.com/hin/m12/m12b012.htm
12	[(179, None, None)]	186	Section CLXXXVI	https://www.sacred-texts.com/hin/m12/m12b013.htm
12	[(180, None, None)]	187	Section CLXXXVII	https://www.sacred-texts.com/hin/m12/m12b014.htm
12	[(181, None, None)]	188	Section CLXXXVIII	https://www.sacred-texts.com/hin/m12/m12b015.htm
12	[(182, None, None)]	189	Section CLXXXIX	https://www.sacred-texts.com/hin/m12/m12b016.htm
12	[(183, None, None)]	190	Section CXC	https://www.sacred-texts.com/hin/m12/m12b017.htm
12	[(184, None, None)]	191	Section CXCI	https://www.sacred-texts.com/hin/m12/m12b018.htm
12	[(185, None, None)]	192	Section CXCII	https://www.sacred-texts.com/hin/m12/m12b019.htm
12	[(186, None, None)]	193	Section CXCIII	https://www.sacred-texts.com/hin/m12/m12b020.htm
12	[(187, None, None)]	194	Section CXCIV	https://www.sacred-texts.com/hin/m12/m12b021.htm
12	[(188, None, None)]	195	Section CXCV	https://www.sacred-texts.com/hin/m12/m12b022.htm
12	[(189, None, None)]	196	Section CXCVI	https://www.sacred-texts.com/hin/m12/m12b023.htm
12	[(190, None, None)]	197	Section CXCVII	https://www.sacred-texts.com/hin/m12/m12b024.htm
12	[(191, None, None)]	198	Section CXCVIII	https://www.sacred-texts.com/hin/m12/m12b025.htm
12	[(192, None, None)]	199	Section CXCIX	https://www.sacred-texts.com/hin/m12/m12b026.htm
12	[(193, None, None)]	200	Section CC	https://www.sacred-texts.com/hin/m12/m12b027.htm
12	[(194, None, None)]	201	Section CCI	https://www.sacred-texts.com/hin/m12/m12b028.htm
12	[(195, None, None)]	202	Section CCII	https://www.sacred-texts.com/hin/m12/m12b029.htm
12	[(196, None, None)]	203	Section CCIII	https://www.sacred-texts.com/hin/m12/m12b030.htm
12	[(197, None, None)]	204	Section CCIV	https://www.sacred-texts.com/hin/m12/m12b031.htm
12	[(198, None, None)]	205	Section CCV	https://www.sacred-texts.com/hin/m12/m12b032.htm
12	[(199, None, None)]	206	Section CCVI	https://www.sacred-texts.com/hin/m12/m12b033.htm
12	[(200, None, None)]	207	Section CCVII	https://www.sacred-texts.com/hin/m12/m12b034.htm
12	[(201, None, None)]	208	Section CCVIII	https://www.sacred-texts.com/hin/m12/m12b035.htm
12	[(202, None, None)]	209	Section CCIX	https://www.sacred-texts.com/hin/m12/m12b036.htm
12	[(203, None, None)]	210	Section CCX	https://www.sacred-texts.com/hin/m12/m12b037.htm
12	[(204, None, None)]	211	Section CCXI	https://www.sacred-texts.com/hin/m12/m12b038.htm
12	[(205, None, None)]	212	Section CCXII	https://www.sacred-texts.com/hin/m12/m12b039.htm
12	[(206, None, None)]	213	Section CCXIII	https://www.sacred-texts.com/hin/m12/m12b040.htm
12	[(207, None, None)]	214	Section CCXIV	https://www.sacred-texts.com/hin/m12/m12b041.htm
12	[(208, None, None)]	215	Section CCXV	https://www.sacred-texts.com/hin/m12/m12b042.htm
12	[(209, None, None)]	216	Section CCXVI	https://www.sacred-texts.com/hin/m12/m12b043.htm
12	[(210, None, None)]	217	Section CCXVII	https://www.sacred-texts.com/hin/m12/m12b044.htm
12	[(211, None, None)]	218	Section CCXVIII	https://www.sacred-texts.com/hin/m12/m12b045.htm
12	[(212, None, None)]	219	Section CCXIX	https://www.sacred-texts.com/hin/m12/m12b046.htm
12	[(213, None, None)]	220	Section CCXX	https://www.sacred-texts.com/hin/m12/m12b047.htm
12	[(214, None, None)]	221	Section CCXXI	https://www.sacred-texts.com/hin/m12/m12b048.htm
12	[(215, None, None)]	222	Section CCXXII	https://www.sacred-texts.com/hin/m12/m12b049.htm
12	[(216, None, None)]	223	Section CCXXIII	https://www.sacred-texts.com/hin/m12/m12b050.htm
12	[(217, None, None)]	224	Section CCXXIV	https://www.sacred-texts.com/hin/m12/m12b051.htm
12	[(218, None, None)]	225	Section CCXXV	https://www.sacred-texts.com/hin/m12/m12b052.htm
12	[(219, None, None)]	226	Section CCXXVI	https://www.sacred-texts.com/hin/m12/m12b053.htm
12	[(220, None, None)]	227	Section CCXXVII	https://www.sacred-texts.com/hin/m12/m12b054.htm
12	[(221, None, None)]	228	Section CCXXVIII	https://www.sacred-texts.com/hin/m12/m12b055.htm
12	[(222, None, None)]	229	Section CCXXIX	https://www.sacred-texts.com/hin/m12/m12b056.htm
12	[(223, None, None)]	230	Section CCXXX	https://www.sacred-texts.com/hin/m12/m12b057.htm
12	[(224, '1', '31')]	231	Section CCXXXI	https://www.sacred-texts.com/hin/m12/m12b058.htm
12	[(224, '32', '73')]	232	Section CCXXXII	https://www.sacred-texts.com/hin/m12/m12b059.htm
12	[(224, '74', '75'), (225, None, None)]	233	Section CCXXXIII	https://www.sacred-texts.com/hin/m12/m12b060.htm
12	[(226, None, None)]	234	Section CCXXXIV	https://www.sacred-texts.com/hin/m12/m12b061.htm
12	[(227, None, None)]	235	Section CCXXXV	https://www.sacred-texts.com/hin/m12/m12b062.htm
12	[(228, None, None)]	236	Section CCXXXVI	https://www.sacred-texts.com/hin/m12/m12b063.htm
12	[(229, None, None)]	237	Section CCXXXVII	https://www.sacred-texts.com/hin/m12/m12b064.htm
12	[(230, None, None)]	238	Section CCXXXVIII	https://www.sacred-texts.com/hin/m12/m12b065.htm
12	[(231, None, None)]	239	Section CCXXXIX	https://www.sacred-texts.com/hin/m12/m12b066.htm
12	[(232, None, None)]	240	Section CCXL	https://www.sacred-texts.com/hin/m12/m12b067.htm
12	[(233, None, None)]	241	Section CCXLI	https://www.sacred-texts.com/hin/m12/m12b068.htm
12	[(234, None, None)]	242	Section CCXLII	https://www.sacred-texts.com/hin/m12/m12b069.htm
12	[(235, None, None)]	243	Section CCXLIII	https://www.sacred-texts.com/hin/m12/m12b070.htm
12	[(236, None, None)]	244	Section CCXLIV	https://www.sacred-texts.com/hin/m12/m12b071.htm
12	[(237, None, None)]	245	Section CCXLV	https://www.sacred-texts.com/hin/m12/m12b072.htm
12	[(238, None, None)]	246	Section CCXLVI	https://www.sacred-texts.com/hin/m12/m12b073.htm
12	[(239, None, None)]	247	Section CCXLVII	https://www.sacred-texts.com/hin/m12/m12b074.htm
12	[(240, None, None)]	248	Section CCXLVIII	https://www.sacred-texts.com/hin/m12/m12b075.htm
12	[(241, None, None)]	249	Section CCXLIX	https://www.sacred-texts.com/hin/m12/m12b076.htm
12	[(242, None, None)]	250	Section CCL	https://www.sacred-texts.com/hin/m12/m12b077.htm
12	[(243, None, None)]	251	Section CCLI	https://www.sacred-texts.com/hin/m12/m12b078.htm
12	[(244, None, None)]	252	Section CCLII	https://www.sacred-texts.com/hin/m12/m12b079.htm
12	[(245, None, None)]	253	Section CCLIII	https://www.sacred-texts.com/hin/m12/m12b080.htm
12	[(246, None, None)]	254	Section CCLIV	https://www.sacred-texts.com/hin/m12/m12b081.htm
12	[(247, None, None)]	255	Section CCLV	https://www.sacred-texts.com/hin/m12/m12b082.htm
12	[(248, None, None)]	256	Section CCLVI	https://www.sacred-texts.com/hin/m12/m12b083.htm
12	[(249, None, None)]	257	Section CCLVII	https://www.sacred-texts.com/hin/m12/m12b084.htm
12	[(250, None, None)]	258	Section CCLVIII	https://www.sacred-texts.com/hin/m12/m12b085.htm
12	[(251, None, None)]	259	Section CCLIX	https://www.sacred-texts.com/hin/m12/m12b086.htm
12	[(252, None, None)]	260	Section CCLX	https://www.sacred-texts.com/hin/m12/m12b087.htm
12	[(253, None, None)]	261	Section CCLXI	https://www.sacred-texts.com/hin/m12/m12b088.htm
12	[(254, None, None)]	262	Section CCLXII	https://www.sacred-texts.com/hin/m12/m12b089.htm
12	[(255, None, None)]	263	Section CCLXIII	https://www.sacred-texts.com/hin/m12/m12b090.htm
12	[(256, None, None)]	264	Section CCLXIV	https://www.sacred-texts.com/hin/m12/m12b091.htm
12	[(257, None, None)]	265	Section CCLXV	https://www.sacred-texts.com/hin/m12/m12b092.htm
12	[(258, None, None)]	266	Section CCLXVI	https://www.sacred-texts.com/hin/m12/m12b093.htm
12	[(259, None, None)]	267	Section CCLXVII	https://www.sacred-texts.com/hin/m12/m12b094.htm
12	[(260, None, None)]	268	Section CCLXVIII	https://www.sacred-texts.com/hin/m12/m12b095.htm
12	[(261, None, None)]	269	Section CCLXIX	https://www.sacred-texts.com/hin/m12/m12b096.htm
12	[(262, None, None)]	270	Section CCLXX	https://www.sacred-texts.com/hin/m12/m12b097.htm
12	[(263, None, None)]	271	Section CCLXXI	https://www.sacred-texts.com/hin/m12/m12b098.htm
12	[(264, None, None)]	272	Section CCLXXII	https://www.sacred-texts.com/hin/m12/m12b099.htm
12	[(265, None, None)]	273	Section CCLXXIII	https://www.sacred-texts.com/hin/m12/m12b100.htm
12	[(266, None, None)]	274	Section CCLXXIV	https://www.sacred-texts.com/hin/m12/m12b101.htm
12	[(267, None, None)]	275	Section CCLXXV	https://www.sacred-texts.com/hin/m12/m12b102.htm
12	[(268, None, None)]	276	Section CCLXXVI	https://www.sacred-texts.com/hin/m12/m12b103.htm
12	[]	277	Section CCLXXVII	https://www.sacred-texts.com/hin/m12/m12b104.htm
12	[(269, None, None)]	278	Section CCLXXVIII	https://www.sacred-texts.com/hin/m12/m12b105.htm
12	[(270, None, None)]	279	Section CCLXXIX	https://www.sacred-texts.com/hin/m12/m12b106.htm
12	[(271, None, None)]	280	Section CCLXXX	https://www.sacred-texts.com/hin/m12/m12b107.htm
12	[(272, None, None)]	281	Section CCLXXXI	https://www.sacred-texts.com/hin/m12/m12b108.htm
12	[(273, None, None)]	282	Section CCLXXXII	https://www.sacred-texts.com/hin/m12/m12b109.htm
12	[(274, None, None)]	283	Section CCLXXXIII	https://www.sacred-texts.com/hin/m12/m12b110.htm
12	[]	284	Section CCLXXXIV	https://www.sacred-texts.com/hin/m12/m12b111.htm
12	[]	285	Section CCLXXXV	https://www.sacred-texts.com/hin/m12/m12b112.htm
12	[]	286	Section CCLXXXVI	https://www.sacred-texts.com/hin/m12/m12b113.htm
12	[(275, None, None)]	287	Section CCLXXXVII	https://www.sacred-texts.com/hin/m12/m12b114.htm
12	[(276, None, None)]	288	Section CCLXXXVIII	https://www.sacred-texts.com/hin/m12/m12b115.htm
12	[(277, None, None)]	289	Section CCLXXXIX	https://www.sacred-texts.com/hin/m12/m12b116.htm
12	[(278, None, None)]	290	Section CCXC	https://www.sacred-texts.com/hin/m12/m12b117.htm
12	[(279, None, None)]	291	Section CCXCI	https://www.sacred-texts.com/hin/m12/m12b118.htm
12	[(280, None, None)]	292	Section CCXCII	https://www.sacred-texts.com/hin/m12/m12b119.htm
12	[(281, None, None)]	293	Section CCXCIII	https://www.sacred-texts.com/hin/m12/m12b120.htm
12	[(282, None, None)]	294	Section CCXCIV	https://www.sacred-texts.com/hin/m12/m12b121.htm
12	[(283, None, None)]	295	Section CCXCV	https://www.sacred-texts.com/hin/m12/m12b122.htm
12	[(284, None, None)]	296	Section CCXCVI	https://www.sacred-texts.com/hin/m12/m12b123.htm
12	[(285, None, None)]	297	Section CCXCVII	https://www.sacred-texts.com/hin/m12/m12b124.htm
12	[(286, None, None)]	298	Section CCXCVIII	https://www.sacred-texts.com/hin/m12/m12b125.htm
12	[(287, None, None)]	299	Section CCXCIX	https://www.sacred-texts.com/hin/m12/m12b126.htm
12	[(288, None, None)]	300	Section CCC	https://www.sacred-texts.com/hin/m12/m12b127.htm
12	[(289, None, None)]	301	Section CCCI	https://www.sacred-texts.com/hin/m12/m12b128.htm
12	[(290, None, None)]	302	Section CCCII	https://www.sacred-texts.com/hin/m12/m12c001.htm
12	[(291, None, None)]	303	Section CCCIII	https://www.sacred-texts.com/hin/m12/m12c002.htm
12	[(292, None, None)]	304	Section CCCIV	https://www.sacred-texts.com/hin/m12/m12c003.htm
12	[(293, '1', '11')]	305	Section CCCV	https://www.sacred-texts.com/hin/m12/m12c004.htm
12	[(293, '12', '50')]	306	Section CCCVI	https://www.sacred-texts.com/hin/m12/m12c005.htm
12	[(294, None, None)]	307	Section CCCVII	https://www.sacred-texts.com/hin/m12/m12c006.htm
12	[(295, None, None)]	308	Section CCCVIII	https://www.sacred-texts.com/hin/m12/m12c007.htm
12	[(296, None, None)]	309	Section CCCIX	https://www.sacred-texts.com/hin/m12/m12c008.htm
12	[(297, None, None)]	310	Section CCCX	https://www.sacred-texts.com/hin/m12/m12c009.htm
12	[(298, None, None)]	311	Section CCCXI	https://www.sacred-texts.com/hin/m12/m12c010.htm
12	[(299, None, None)]	312	Section CCCXII	https://www.sacred-texts.com/hin/m12/m12c011.htm
12	[(300, None, None)]	313	Section CCCXIII	https://www.sacred-texts.com/hin/m12/m12c012.htm
12	[(301, None, None)]	314	Section CCCXIV	https://www.sacred-texts.com/hin/m12/m12c013.htm
12	[(302, None, None)]	315	Section CCCXV	https://www.sacred-texts.com/hin/m12/m12c014.htm
12	[(303, None, None)]	316	Section CCCXVI	https://www.sacred-texts.com/hin/m12/m12c015.htm
12	[(304, None, None)]	317	Section CCCXVII	https://www.sacred-texts.com/hin/m12/m12c016.htm
12	[(305, None, None)]	318	Section CCCXVIII	https://www.sacred-texts.com/hin/m12/m12c017.htm
12	[(306, None, None)]	319	Section CCCXIX	https://www.sacred-texts.com/hin/m12/m12c018.htm
12	[(307, None, None)]	320	Section CCCXX	https://www.sacred-texts.com/hin/m12/m12c019.htm
12	[(308, None, None)]	321	Section CCCXXI	https://www.sacred-texts.com/hin/m12/m12c020.htm
12	[(309, None, None)]	322	Section CCCXXII	https://www.sacred-texts.com/hin/m12/m12c021.htm
12	[]	323	Section CCCXXIII	https://www.sacred-texts.com/hin/m12/m12c022.htm
12	[(310, None, None)]	324	Section CCCXXIV	https://www.sacred-texts.com/hin/m12/m12c023.htm
12	[(311, None, None)]	325	Section CCCXXV	https://www.sacred-texts.com/hin/m12/m12c024.htm
12	[(312, None, None)]	326	Section CCCXXVI	https://www.sacred-texts.com/hin/m12/m12c025.htm
12	[(313, None, None)]	327	Section CCCXXVII	https://www.sacred-texts.com/hin/m12/m12c026.htm
12	[(314, None, None)]	328	Section CCCXXVIII	https://www.sacred-texts.com/hin/m12/m12c027.htm
12	[(315, None, None)]	329	Section CCCXXIX	https://www.sacred-texts.com/hin/m12/m12c028.htm
12	[(316, None, None)]	330	Section CCCXXX	https://www.sacred-texts.com/hin/m12/m12c029.htm
12	[(317, None, None)]	331	Section CCCXXXI	https://www.sacred-texts.com/hin/m12/m12c030.htm
12	[(318, None, None)]	332	Section CCCXXXII	https://www.sacred-texts.com/hin/m12/m12c031.htm
12	[(319, None, None)]	333	Section CCCXXXIII	https://www.sacred-texts.com/hin/m12/m12c032.htm
12	[(320, None, None)]	334	Section CCCXXXIV	https://www.sacred-texts.com/hin/m12/m12c033.htm
12	[(321, None, None)]	335	Section CCCXXXV	https://www.sacred-texts.com/hin/m12/m12c034.htm
12	[(322, None, None)]	336	Section CCCXXXVI	https://www.sacred-texts.com/hin/m12/m12c035.htm
12	[(323, None, None)]	337	Section CCCXXXVII	https://www.sacred-texts.com/hin/m12/m12c036.htm
12	[(324, None, None)]	338	Section CCCXXXVIII	https://www.sacred-texts.com/hin/m12/m12c037.htm
12	[(325, None, None)]	339	Section CCCXXXIX	https://www.sacred-texts.com/hin/m12/m12c038.htm
12	[(326, None, None)]	340	Section CCCXL	https://www.sacred-texts.com/hin/m12/m12c039.htm
12	[(327, None, None)]	341	Section CCCXLI	https://www.sacred-texts.com/hin/m12/m12c040.htm
12	[(328, None, None)]	342	Section CCCXLII	https://www.sacred-texts.com/hin/m12/m12c041.htm
12	[(329, None, None), (330, None, None)]	343	Section CCCXLIII	https://www.sacred-texts.com/hin/m12/m12c042.htm
12	[(331, None, None)]	344	Section CCCXLIV	https://www.sacred-texts.com/hin/m12/m12c043.htm
12	[(332, None, None)]	345	Section CCCXLV	https://www.sacred-texts.com/hin/m12/m12c044.htm
12	[(333, None, None)]	346	Section CCCXLVI	https://www.sacred-texts.com/hin/m12/m12c045.htm
12	[(334, None, None)]	347	Section CCCXLVII	https://www.sacred-texts.com/hin/m12/m12c046.htm
12	[(335, None, None)]	348	Section CCCXLVIII	https://www.sacred-texts.com/hin/m12/m12c047.htm
12	[(336, None, None)]	349	Section CCCXLIX	https://www.sacred-texts.com/hin/m12/m12c048.htm
12	[(337, None, None)]	350	Section CCCL	https://www.sacred-texts.com/hin/m12/m12c049.htm
12	[(338, None, None)]	351	Section CCCLI	https://www.sacred-texts.com/hin/m12/m12c050.htm
12	[(339, None, None)]	352	Section CCCLII	https://www.sacred-texts.com/hin/m12/m12c051.htm
12	[(340, None, None)]	353	Section CCCLIII	https://www.sacred-texts.com/hin/m12/m12c052.htm
12	[(341, None, None)]	354	Section CCCLIV	https://www.sacred-texts.com/hin/m12/m12c053.htm
12	[(342, None, None)]	354b	Section CCCLIV	NOPE/m12/m12c053b.htm
12	[(343, None, None)]	355	Section CCCLV	https://www.sacred-texts.com/hin/m12/m12c054.htm
12	[(344, None, None)]	356	Section CCCLVI	https://www.sacred-texts.com/hin/m12/m12c055.htm
12	[(345, None, None)]	357	Section CCCLVII	https://www.sacred-texts.com/hin/m12/m12c056.htm
12	[(346, None, None)]	358	Section CCCLVIII	https://www.sacred-texts.com/hin/m12/m12c057.htm
12	[(347, None, None)]	359	Section CCCLIX	https://www.sacred-texts.com/hin/m12/m12c058.htm
12	[(348, None, None)]	360	Section CCCLX	https://www.sacred-texts.com/hin/m12/m12c059.htm
12	[(349, None, None)]	361	Section CCCLXI	https://www.sacred-texts.com/hin/m12/m12c060.htm
12	[(350, None, None)]	362	Section CCCLXII	https://www.sacred-texts.com/hin/m12/m12c061.htm
12	[(351, None, None)]	363	Section CCCLXIII	https://www.sacred-texts.com/hin/m12/m12c062.htm
12	[(352, None, None)]	364	Section CCCLXIV	https://www.sacred-texts.com/hin/m12/m12c063.htm
12	[(353, None, None)]	365	Section CCCLXV	NOPE/m12/m12c063b.htm
13	[(1, None, None)]	1	Section I	https://www.sacred-texts.com/hin/m13/m13a001.htm
13	[(2, None, None)]	2	Section II	https://www.sacred-texts.com/hin/m13/m13a002.htm
13	[(3, None, None)]	3	Section III	https://www.sacred-texts.com/hin/m13/m13a003.htm
13	[(4, None, None)]	4	Section IV	https://www.sacred-texts.com/hin/m13/m13a004.htm
13	[(5, None, None)]	5	Section V	https://www.sacred-texts.com/hin/m13/m13a005.htm
13	[(6, None, None)]	6	Section VI	https://www.sacred-texts.com/hin/m13/m13a006.htm
13	[(7, None, None)]	7	Section VII	https://www.sacred-texts.com/hin/m13/m13a007.htm
13	[(8, None, None)]	8	Section VIII	https://www.sacred-texts.com/hin/m13/m13a008.htm
13	[(9, None, None)]	9	Section IX	https://www.sacred-texts.com/hin/m13/m13a009.htm
13	[(10, None, None)]	10	Section X	https://www.sacred-texts.com/hin/m13/m13a010.htm
13	[(11, None, None)]	11	Section XI	https://www.sacred-texts.com/hin/m13/m13a011.htm
13	[(12, None, None)]	12	Section XII	https://www.sacred-texts.com/hin/m13/m13a012.htm
13	[(13, None, None)]	13	Section XIII	https://www.sacred-texts.com/hin/m13/m13a013.htm
13	[(14, None, None), (15, None, None)]	14	Section XIV	https://www.sacred-texts.com/hin/m13/m13a014.htm
13	[(16, '1', '11')]	15	Section XV	https://www.sacred-texts.com/hin/m13/m13a015.htm
13	[(16, '12', '75')]	16	Section XVI	https://www.sacred-texts.com/hin/m13/m13a016.htm
13	[(17, None, None)]	17	Section XVII	https://www.sacred-texts.com/hin/m13/m13a017.htm
13	[(18, None, None)]	18	Section XVIII	https://www.sacred-texts.com/hin/m13/m13a018.htm
13	[(19, None, None), (20, None, None)]	19	Section XIX	https://www.sacred-texts.com/hin/m13/m13a019.htm
13	[(21, None, None)]	20	Section XX	https://www.sacred-texts.com/hin/m13/m13a020.htm
13	[(22, None, None)]	21	Section XXI	https://www.sacred-texts.com/hin/m13/m13a021.htm
13	[(23, None, None)]	22	Section XXII	https://www.sacred-texts.com/hin/m13/m13a022.htm
13	[(24, None, None)]	23	Section XXIII	https://www.sacred-texts.com/hin/m13/m13a023.htm
13	[(25, None, None)]	24	Section XXIV	https://www.sacred-texts.com/hin/m13/m13a024.htm
13	[(26, None, None)]	25	Section XXV	https://www.sacred-texts.com/hin/m13/m13a025.htm
13	[(27, None, None)]	26	Section XXVI	https://www.sacred-texts.com/hin/m13/m13a026.htm
13	[(28, None, None)]	27	Section XXVII	https://www.sacred-texts.com/hin/m13/m13a027.htm
13	[(29, None, None)]	28	Section XXVIII	https://www.sacred-texts.com/hin/m13/m13a028.htm
13	[(30, None, None)]	29	Section XXIX	https://www.sacred-texts.com/hin/m13/m13a029.htm
13	[(31, None, None)]	30	Section XXX	https://www.sacred-texts.com/hin/m13/m13a030.htm
13	[(32, None, None)]	31	Section XXXI	https://www.sacred-texts.com/hin/m13/m13a031.htm
13	[]	32	Section XXXII	https://www.sacred-texts.com/hin/m13/m13a032.htm
13	[(33, None, None)]	33	Section XXXIII	https://www.sacred-texts.com/hin/m13/m13a033.htm
13	[(34, None, None)]	34	Section XXXIV	https://www.sacred-texts.com/hin/m13/m13a034.htm
13	[(35, None, None)]	35	Section XXXV	https://www.sacred-texts.com/hin/m13/m13a035.htm
13	[(36, None, None)]	36	Section XXXVI	https://www.sacred-texts.com/hin/m13/m13b001.htm
13	[(37, None, None)]	37	Section XXXVII	https://www.sacred-texts.com/hin/m13/m13b002.htm
13	[(38, None, None)]	38	Section XXXVIII	https://www.sacred-texts.com/hin/m13/m13b003.htm
13	[(39, None, None)]	39	Section XXXIX	https://www.sacred-texts.com/hin/m13/m13b004.htm
13	[(40, None, None)]	40	Section XL	https://www.sacred-texts.com/hin/m13/m13b005.htm
13	[(41, None, None)]	41	Section XLI	https://www.sacred-texts.com/hin/m13/m13b006.htm
13	[(42, None, None)]	42	Section XLII	https://www.sacred-texts.com/hin/m13/m13b007.htm
13	[(43, None, None)]	43	Section XLIII	https://www.sacred-texts.com/hin/m13/m13b008.htm
13	[(44, None, None)]	44	Section XLIV	https://www.sacred-texts.com/hin/m13/m13b009.htm
13	[(45, None, None)]	45	Section XLV	https://www.sacred-texts.com/hin/m13/m13b010.htm
13	[(46, None, None)]	46	Section XLVI	https://www.sacred-texts.com/hin/m13/m13b011.htm
13	[(47, None, None)]	47	Section XLVII	https://www.sacred-texts.com/hin/m13/m13b012.htm
13	[(48, '1', '38')]	48	Section XLVIII	https://www.sacred-texts.com/hin/m13/m13b013.htm
13	[(48, '39', '49'), (49, None, None)]	49	Section XLIX	https://www.sacred-texts.com/hin/m13/m13b014.htm
13	[(50, None, None)]	50	Section L	https://www.sacred-texts.com/hin/m13/m13b015.htm
13	[(51, None, None)]	51	Section LI	https://www.sacred-texts.com/hin/m13/m13b016.htm
13	[(52, None, None)]	52	Section LII	https://www.sacred-texts.com/hin/m13/m13b017.htm
13	[(53, None, None)]	53	Section LIII	https://www.sacred-texts.com/hin/m13/m13b018.htm
13	[(54, None, None)]	54	Section LIV	https://www.sacred-texts.com/hin/m13/m13b019.htm
13	[(55, None, None)]	55	Section LV	https://www.sacred-texts.com/hin/m13/m13b020.htm
13	[(56, None, None)]	56	Section LVI	https://www.sacred-texts.com/hin/m13/m13b021.htm
13	[(57, None, None)]	57	Section LVII	https://www.sacred-texts.com/hin/m13/m13b022.htm
13	[(58, None, None)]	59	Section LIX	https://www.sacred-texts.com/hin/m13/m13b024.htm
13	[(59, None, None)]	60	Section LX	https://www.sacred-texts.com/hin/m13/m13b025.htm
13	[(60, None, None)]	61	Section LXI	https://www.sacred-texts.com/hin/m13/m13b026.htm
13	[(61, None, None)]	62	Section LXII	https://www.sacred-texts.com/hin/m13/m13b027.htm
13	[(62, None, None)]	63	Section LXIII	https://www.sacred-texts.com/hin/m13/m13b028.htm
13	[(63, None, None)]	64	Section LXIV	https://www.sacred-texts.com/hin/m13/m13b029.htm
13	[(64, None, None)]	65	Section LXV	https://www.sacred-texts.com/hin/m13/m13b030.htm
13	[(65, None, None)]	66	Section LXVI	https://www.sacred-texts.com/hin/m13/m13b031.htm
13	[(66, None, None)]	67	Section LXVII	https://www.sacred-texts.com/hin/m13/m13b032.htm
13	[(67, None, None)]	68	Section LXVIII	https://www.sacred-texts.com/hin/m13/m13b033.htm
13	[(68, None, None)]	69	Section LXIX	https://www.sacred-texts.com/hin/m13/m13b034.htm
13	[(69, None, None)]	70	Section LXX	https://www.sacred-texts.com/hin/m13/m13b035.htm
13	[(70, None, None)]	71	Section LXXI	https://www.sacred-texts.com/hin/m13/m13b036.htm
13	[(71, None, None)]	72	Section LXXII	https://www.sacred-texts.com/hin/m13/m13b037.htm
13	[(72, None, None)]	73	Section LXXIII	https://www.sacred-texts.com/hin/m13/m13b038.htm
13	[(73, None, None)]	74	Section LXXIV	https://www.sacred-texts.com/hin/m13/m13b039.htm
13	[(74, None, None)]	75	Section LXXV	https://www.sacred-texts.com/hin/m13/m13b040.htm
13	[(75, None, None)]	76	Section LXXVI	https://www.sacred-texts.com/hin/m13/m13b041.htm
13	[(76, None, None)]	77	Section LXXVII	https://www.sacred-texts.com/hin/m13/m13b042.htm
13	[(77, None, None)]	78	Section LXXVIII	https://www.sacred-texts.com/hin/m13/m13b043.htm
13	[(78, None, None)]	79	Section LXXIX	https://www.sacred-texts.com/hin/m13/m13b044.htm
13	[(79, None, None)]	80	Section LXXX	https://www.sacred-texts.com/hin/m13/m13b045.htm
13	[(80, None, None)]	81	Section LXXXI	https://www.sacred-texts.com/hin/m13/m13b046.htm
13	[(81, None, None)]	82	Section LXXXII	https://www.sacred-texts.com/hin/m13/m13b047.htm
13	[(82, None, None)]	83	Section LXXXIII	https://www.sacred-texts.com/hin/m13/m13b048.htm
13	[(83, None, None)]	84	Section LXXXIV	https://www.sacred-texts.com/hin/m13/m13b049.htm
13	[(84, None, None), (85, None, None)]	85	Section LXXXV	https://www.sacred-texts.com/hin/m13/m13b050.htm
13	[(86, None, None)]	86	Section LXXXVI	https://www.sacred-texts.com/hin/m13/m13b051.htm
13	[(87, None, None)]	87	Section LXXXVII	https://www.sacred-texts.com/hin/m13/m13b052.htm
13	[(88, None, None)]	88	Section LXXXVIII	https://www.sacred-texts.com/hin/m13/m13b053.htm
13	[(89, None, None)]	89	Section LXXXIX	https://www.sacred-texts.com/hin/m13/m13b054.htm
13	[(90, None, None)]	90	Section XC	https://www.sacred-texts.com/hin/m13/m13b055.htm
13	[(91, None, None)]	91	Section XCI	https://www.sacred-texts.com/hin/m13/m13b056.htm
13	[(92, None, None)]	92	Section XCII	https://www.sacred-texts.com/hin/m13/m13b057.htm
13	[(93, None, None), (94, None, None), (95, None, None)]	93	Section XCIII	https://www.sacred-texts.com/hin/m13/m13b058.htm
13	[(96, None, None)]	94	Section XCIV	https://www.sacred-texts.com/hin/m13/m13b059.htm
13	[(97, None, None)]	95	Section XCV	https://www.sacred-texts.com/hin/m13/m13b060.htm
13	[(98, None, None)]	96	Section XCVI	https://www.sacred-texts.com/hin/m13/m13b061.htm
13	[(99, None, None)]	58	Section LVIII	https://www.sacred-texts.com/hin/m13/m13b023.htm
13	[(100, None, None)]	97	Section XCVII	https://www.sacred-texts.com/hin/m13/m13b062.htm
13	[(101, None, None)]	98	Section XCVIII	https://www.sacred-texts.com/hin/m13/m13b063.htm
13	[(102, None, None)]	99	Section XCIX	https://www.sacred-texts.com/hin/m13/m13b064.htm
13	[(103, None, None)]	100	Section C	https://www.sacred-texts.com/hin/m13/m13b065.htm
13	[(104, None, None)]	101	Section CI	https://www.sacred-texts.com/hin/m13/m13b066.htm
13	[(105, None, None)]	102	Section CII	https://www.sacred-texts.com/hin/m13/m13b067.htm
13	[(106, None, None)]	103	Section CIII	https://www.sacred-texts.com/hin/m13/m13b068.htm
13	[(107, None, None)]	104	Section CIV	https://www.sacred-texts.com/hin/m13/m13b069.htm
13	[(108, None, None)]	105	Section CV	https://www.sacred-texts.com/hin/m13/m13b070.htm
13	[(109, None, None)]	106	Section CVI	https://www.sacred-texts.com/hin/m13/m13b071.htm
13	[(110, None, None)]	107	Section CVII	https://www.sacred-texts.com/hin/m13/m13b072.htm
13	[(111, None, None)]	108	Section CVIII	https://www.sacred-texts.com/hin/m13/m13b073.htm
13	[]	109	Section CIX	https://www.sacred-texts.com/hin/m13/m13b074.htm
13	[]	110	Section CX	https://www.sacred-texts.com/hin/m13/m13b075.htm
13	[(112, None, None)]	111	Section CXI	https://www.sacred-texts.com/hin/m13/m13b076.htm
13	[(113, None, None)]	112	Section CXII	https://www.sacred-texts.com/hin/m13/m13b077.htm
13	[(114, None, None)]	113	Section CXIII	https://www.sacred-texts.com/hin/m13/m13b078.htm
13	[(115, None, None)]	114	Section CXIV	https://www.sacred-texts.com/hin/m13/m13b079.htm
13	[(116, None, None)]	115	Section CXV	https://www.sacred-texts.com/hin/m13/m13b080.htm
13	[(117, None, None)]	116	Section CXVI	https://www.sacred-texts.com/hin/m13/m13b081.htm
13	[(118, None, None)]	117	Section CXVII	https://www.sacred-texts.com/hin/m13/m13b082.htm
13	[(119, None, None)]	118	Section CXVIII	https://www.sacred-texts.com/hin/m13/m13b083.htm
13	[(120, None, None)]	119	Section CXIX	https://www.sacred-texts.com/hin/m13/m13b084.htm
13	[(121, None, None)]	120	Section CXX	https://www.sacred-texts.com/hin/m13/m13b085.htm
13	[(122, None, None)]	121	Section CXXI	https://www.sacred-texts.com/hin/m13/m13b086.htm
13	[(123, None, None)]	122	Section CXXII	https://www.sacred-texts.com/hin/m13/m13b087.htm
13	[(124, None, None)]	123	Section CXXIII	https://www.sacred-texts.com/hin/m13/m13b088.htm
13	[(125, None, None)]	124	Section CXXIV	https://www.sacred-texts.com/hin/m13/m13b089.htm
13	[]	125	Section CXXV	https://www.sacred-texts.com/hin/m13/m13b090.htm
13	[]	126	Section CXXVI	https://www.sacred-texts.com/hin/m13/m13b091.htm
13	[]	127	Section CXXVII	https://www.sacred-texts.com/hin/m13/m13b092.htm
13	[]	128	Section CXXVIII	https://www.sacred-texts.com/hin/m13/m13b093.htm
13	[]	129	Section CXXIX	https://www.sacred-texts.com/hin/m13/m13b094.htm
13	[]	130	Section CXXX	https://www.sacred-texts.com/hin/m13/m13b095.htm
13	[]	131	Section CXXXI	https://www.sacred-texts.com/hin/m13/m13b096.htm
13	[]	132	Section CXXXII	https://www.sacred-texts.com/hin/m13/m13b097.htm
13	[]	133	Section CXXXIII	https://www.sacred-texts.com/hin/m13/m13b098.htm
13	[]	134	Section CXXXIV	https://www.sacred-texts.com/hin/m13/m13b099.htm
13	[]	135	Section CXXXV	https://www.sacred-texts.com/hin/m13/m13b100.htm
13	[]	136	Section CXXXVI	https://www.sacred-texts.com/hin/m13/m13b101.htm
13	[]	137	Section CXXXVII	https://www.sacred-texts.com/hin/m13/m13b102.htm
13	[]	138	Section CXXXVIII	https://www.sacred-texts.com/hin/m13/m13b103.htm
13	[(126, None, None)]	139	Section CXXXIX	https://www.sacred-texts.com/hin/m13/m13b104.htm
13	[(127, None, None)]	140	Section CXL	https://www.sacred-texts.com/hin/m13/m13b105.htm
13	[(128, None, None), (129, None, None)]	141	Section CXLI	https://www.sacred-texts.com/hin/m13/m13b106.htm
13	[(130, None, None)]	142	Section CXLII	https://www.sacred-texts.com/hin/m13/m13b107.htm
13	[(131, None, None)]	143	Section CXLIII	https://www.sacred-texts.com/hin/m13/m13b108.htm
13	[(132, None, None)]	144	Section CXLIV	https://www.sacred-texts.com/hin/m13/m13b109.htm
13	[(133, None, None)]	145	Section CXLV	https://www.sacred-texts.com/hin/m13/m13b110.htm
13	[(134, None, None)]	146	Section CXLVI	https://www.sacred-texts.com/hin/m13/m13b111.htm
13	[]	147	Section CXLVII	https://www.sacred-texts.com/hin/m13/m13b112.htm
13	[]	148	Section CXLVIII	https://www.sacred-texts.com/hin/m13/m13b113.htm
13	[(135, None, None)]	149	Section CXLIX	https://www.sacred-texts.com/hin/m13/m13b114.htm
13	[]	150	Section CL	https://www.sacred-texts.com/hin/m13/m13b115.htm
13	[(136, None, None)]	151	Section CLI	https://www.sacred-texts.com/hin/m13/m13b116.htm
13	[(137, None, None)]	152	Section CLII	https://www.sacred-texts.com/hin/m13/m13b117.htm
13	[(138, None, None)]	153	Section CLIII	https://www.sacred-texts.com/hin/m13/m13b118.htm
13	[(139, None, None)]	154	Section CLIV	https://www.sacred-texts.com/hin/m13/m13b119.htm
13	[(140, None, None)]	155	Section CLV	https://www.sacred-texts.com/hin/m13/m13b120.htm
13	[(141, None, None)]	156	Section CLVI	https://www.sacred-texts.com/hin/m13/m13b121.htm
13	[(142, None, None)]	157	Section CLVII	https://www.sacred-texts.com/hin/m13/m13b122.htm
13	[(143, None, None)]	158	Section CLVIII	https://www.sacred-texts.com/hin/m13/m13b123.htm
13	[(144, None, None)]	159	Section CLIX	https://www.sacred-texts.com/hin/m13/m13b124.htm
13	[(145, None, None)]	160	Section CLX	https://www.sacred-texts.com/hin/m13/m13b125.htm
13	[(146, None, None)]	161	Section CLXI	https://www.sacred-texts.com/hin/m13/m13b126.htm
13	[(147, None, None), (148, None, None)]	162	Section CLXII	https://www.sacred-texts.com/hin/m13/m13b127.htm
13	[(149, None, None)]	163	Section CLXIII	https://www.sacred-texts.com/hin/m13/m13b128.htm
13	[(150, None, None)]	164	Section CLXIV	https://www.sacred-texts.com/hin/m13/m13b129.htm
13	[(151, None, None)]	165	Section CLXV	https://www.sacred-texts.com/hin/m13/m13b130.htm
13	[(152, None, None)]	166	Section CLXVI	https://www.sacred-texts.com/hin/m13/m13b131.htm
13	[(153, None, None)]	167	Section CLXVII	https://www.sacred-texts.com/hin/m13/m13b132.htm
13	[(154, None, None)]	168	Section CLXVIII	https://www.sacred-texts.com/hin/m13/m13b133.htm
14	[(1, None, None)]	1	Section I	https://www.sacred-texts.com/hin/m14/m14001.htm
14	[(2, None, None)]	2	Section II	https://www.sacred-texts.com/hin/m14/m14002.htm
14	[(3, None, None)]	3	Section III	https://www.sacred-texts.com/hin/m14/m14003.htm
14	[(4, None, None)]	4	Section IV	https://www.sacred-texts.com/hin/m14/m14004.htm
14	[(5, None, None)]	5	Section V	https://www.sacred-texts.com/hin/m14/m14005.htm
14	[(6, None, None)]	6	Section VI	https://www.sacred-texts.com/hin/m14/m14006.htm
14	[(7, None, None)]	7	Section VII	https://www.sacred-texts.com/hin/m14/m14007.htm
14	[(8, None, None)]	8	Section VIII	https://www.sacred-texts.com/hin/m14/m14008.htm
14	[(9, None, None)]	9	Section IX	https://www.sacred-texts.com/hin/m14/m14009.htm
14	[(10, None, None)]	10	Section V	https://www.sacred-texts.com/hin/m14/m14010.htm
14	[(11, None, None)]	11	Section XI	https://www.sacred-texts.com/hin/m14/m14011.htm
14	[(12, None, None)]	12	Section XII	https://www.sacred-texts.com/hin/m14/m14012.htm
14	[(13, None, None)]	13	Section XIII	https://www.sacred-texts.com/hin/m14/m14013.htm
14	[(14, None, None)]	14	Section XIV	https://www.sacred-texts.com/hin/m14/m14014.htm
14	[(15, None, None)]	15	Section XV	https://www.sacred-texts.com/hin/m14/m14015.htm
14	[(16, None, None)]	16	Section XVI	https://www.sacred-texts.com/hin/m14/m14016.htm
14	[(17, None, None)]	17	Section XVII	https://www.sacred-texts.com/hin/m14/m14017.htm
14	[(18, None, None)]	18	Section XVIII	https://www.sacred-texts.com/hin/m14/m14018.htm
14	[(19, None, None)]	19	Section XIX	https://www.sacred-texts.com/hin/m14/m14019.htm
14	[(20, None, None)]	20	Section XX	https://www.sacred-texts.com/hin/m14/m14020.htm
14	[(21, None, None)]	21	Section XXI	https://www.sacred-texts.com/hin/m14/m14021.htm
14	[(22, None, None)]	22	Section XXII	https://www.sacred-texts.com/hin/m14/m14022.htm
14	[(23, None, None)]	23	Section XXIII	https://www.sacred-texts.com/hin/m14/m14023.htm
14	[(24, None, None)]	24	Section XXIV	https://www.sacred-texts.com/hin/m14/m14024.htm
14	[(25, None, None)]	25	Section XXV	https://www.sacred-texts.com/hin/m14/m14025.htm
14	[(26, None, None)]	26	Section XXVI	https://www.sacred-texts.com/hin/m14/m14026.htm
14	[(27, None, None)]	27	Section XXVII	https://www.sacred-texts.com/hin/m14/m14027.htm
14	[(28, None, None)]	28	Section XXVIII	https://www.sacred-texts.com/hin/m14/m14028.htm
14	[(29, None, None)]	29	Section XXIX	https://www.sacred-texts.com/hin/m14/m14029.htm
14	[(30, None, None)]	30	Section XXX	https://www.sacred-texts.com/hin/m14/m14030.htm
14	[(31, None, None)]	31	Section XXXI	https://www.sacred-texts.com/hin/m14/m14031.htm
14	[(32, None, None)]	32	Section XXXII	https://www.sacred-texts.com/hin/m14/m14032.htm
14	[(33, None, None)]	33	Section XXXIII	https://www.sacred-texts.com/hin/m14/m14033.htm
14	[(34, None, None)]	34	Section XXXIV	https://www.sacred-texts.com/hin/m14/m14034.htm
14	[(35, None, None)]	35	Section XXXV	https://www.sacred-texts.com/hin/m14/m14035.htm
14	[(36, None, None)]	36	Section XXXVI	https://www.sacred-texts.com/hin/m14/m14036.htm
14	[(37, None, None)]	37	Section XXXVII	https://www.sacred-texts.com/hin/m14/m14037.htm
14	[(38, None, None)]	38	Section XXXVIII	https://www.sacred-texts.com/hin/m14/m14038.htm
14	[(39, None, None)]	39	Section XXXIX	https://www.sacred-texts.com/hin/m14/m14039.htm
14	[(40, None, None)]	40	Section XL	https://www.sacred-texts.com/hin/m14/m14040.htm
14	[(41, None, None)]	41	Section XLI	https://www.sacred-texts.com/hin/m14/m14041.htm
14	[(42, None, None)]	42	Section XLII	https://www.sacred-texts.com/hin/m14/m14042.htm
14	[(43, None, None)]	43	Section XLIII	https://www.sacred-texts.com/hin/m14/m14043.htm
14	[(44, None, None)]	44	Section XLIV	https://www.sacred-texts.com/hin/m14/m14044.htm
14	[(45, None, None)]	45	Section XLV	https://www.sacred-texts.com/hin/m14/m14045.htm
14	[(46, None, None)]	46	Section XLVI	https://www.sacred-texts.com/hin/m14/m14046.htm
14	[(47, None, None)]	47	Section XLVII	https://www.sacred-texts.com/hin/m14/m14047.htm
14	[(48, '1', '13')]	48	Section XLVIII	https://www.sacred-texts.com/hin/m14/m14048.htm
14	[(48, '14', '29')]	49	Section XLIX	https://www.sacred-texts.com/hin/m14/m14049.htm
14	[(49, None, None)]	50	Section L	https://www.sacred-texts.com/hin/m14/m14050.htm
14	[(50, None, None)]	51	Section LI	https://www.sacred-texts.com/hin/m14/m14051.htm
14	[(51, None, None)]	52	Section LII	https://www.sacred-texts.com/hin/m14/m14052.htm
14	[(52, None, None)]	53	Section LIII	https://www.sacred-texts.com/hin/m14/m14053.htm
14	[(53, None, None)]	54	Section LIV	https://www.sacred-texts.com/hin/m14/m14054.htm
14	[(54, None, None)]	55	Section LV	https://www.sacred-texts.com/hin/m14/m14055.htm
14	[(55, None, None)]	56	section LVI	https://www.sacred-texts.com/hin/m14/m14056.htm
14	[(56, None, None)]	57	Section LVII	https://www.sacred-texts.com/hin/m14/m14057.htm
14	[(57, None, None)]	58	Section LVIII	https://www.sacred-texts.com/hin/m14/m14058.htm
14	[(58, None, None)]	59	Section LIX	https://www.sacred-texts.com/hin/m14/m14059.htm
14	[(59, None, None)]	60	Section LX	https://www.sacred-texts.com/hin/m14/m14060.htm
14	[(60, None, None)]	61	Section LXI	https://www.sacred-texts.com/hin/m14/m14061.htm
14	[(61, None, None)]	62	Section LXII	https://www.sacred-texts.com/hin/m14/m14062.htm
14	[(62, None, None)]	63	Section LXIII	https://www.sacred-texts.com/hin/m14/m14063.htm
14	[(63, None, None)]	64	Section LXIV	https://www.sacred-texts.com/hin/m14/m14064.htm
14	[(64, None, None)]	65	Section LXV	https://www.sacred-texts.com/hin/m14/m14065.htm
14	[(65, None, None)]	66	Section LXVI	https://www.sacred-texts.com/hin/m14/m14066.htm
14	[(66, None, None)]	67	Section LXVII	https://www.sacred-texts.com/hin/m14/m14067.htm
14	[(67, None, None)]	68	Section LXVIII	https://www.sacred-texts.com/hin/m14/m14068.htm
14	[(68, None, None)]	69	Section LXIX	https://www.sacred-texts.com/hin/m14/m14069.htm
14	[(69, None, None)]	70	Section LXX	https://www.sacred-texts.com/hin/m14/m14070.htm
14	[(70, None, None)]	71	Section LXXI	https://www.sacred-texts.com/hin/m14/m14071.htm
14	[(71, None, None)]	72	Section LXXII	https://www.sacred-texts.com/hin/m14/m14072.htm
14	[(72, None, None)]	73	Section LXXIII	https://www.sacred-texts.com/hin/m14/m14073.htm
14	[(73, None, None)]	74	Section LXXIV	https://www.sacred-texts.com/hin/m14/m14074.htm
14	[(74, None, None)]	75	Section LXXV	https://www.sacred-texts.com/hin/m14/m14075.htm
14	[(75, None, None)]	76	Section LXXVI	https://www.sacred-texts.com/hin/m14/m14076.htm
14	[(76, None, None)]	77	Section LXXVII	https://www.sacred-texts.com/hin/m14/m14077.htm
14	[(77, None, None)]	78	Section LXXVIII	https://www.sacred-texts.com/hin/m14/m14078.htm
14	[(78, None, None)]	79	Section LXXIX	https://www.sacred-texts.com/hin/m14/m14079.htm
14	[(79, None, None), (80, None, None), (81, None, None)]	80	Section LXXX	https://www.sacred-texts.com/hin/m14/m14080.htm
14	[(82, None, None)]	81	Section LXXXI	https://www.sacred-texts.com/hin/m14/m14081.htm
14	[(83, None, None)]	82	Section LXXXII	https://www.sacred-texts.com/hin/m14/m14082.htm
14	[(84, None, None)]	83	Section LXXXIII	https://www.sacred-texts.com/hin/m14/m14083.htm
14	[(85, None, None)]	84	Section LXXXIV	https://www.sacred-texts.com/hin/m14/m14084.htm
14	[(86, None, None), (87, None, None)]	85	Section LXXXV	https://www.sacred-texts.com/hin/m14/m14085.htm
14	[(88, None, None)]	86	Section LXXXVI	https://www.sacred-texts.com/hin/m14/m14086.htm
14	[(89, None, None)]	87	Section LXXXVII	https://www.sacred-texts.com/hin/m14/m14087.htm
14	[(90, None, None)]	88	Section LXXXVIII	https://www.sacred-texts.com/hin/m14/m14088.htm
14	[(91, None, None)]	89	Section LXXXIX	https://www.sacred-texts.com/hin/m14/m14089.htm
14	[(92, None, None), (93, None, None)]	90	Section XC	https://www.sacred-texts.com/hin/m14/m14090.htm
14	[(94, None, None)]	91	Section XCI	https://www.sacred-texts.com/hin/m14/m14091.htm
14	[(95, None, None), (96, None, None)]	92	Section XCII	https://www.sacred-texts.com/hin/m14/m14092.htm
15	[(1, None, None)]	1	Section I	https://www.sacred-texts.com/hin/m15/m15001.htm
15	[(2, None, None), (3, None, None)]	2	Section II	https://www.sacred-texts.com/hin/m15/m15002.htm
15	[(4, None, None), (5, None, None), (6, None, None), (7, None, None)]	3	Section III	https://www.sacred-texts.com/hin/m15/m15003.htm
15	[(8, None, None)]	4	Section IV	https://www.sacred-texts.com/hin/m15/m15004.htm
15	[(9, None, None), (10, None, None)]	5	Section V	https://www.sacred-texts.com/hin/m15/m15005.htm
15	[(11, None, None)]	6	Section VI	https://www.sacred-texts.com/hin/m15/m15006.htm
15	[(12, None, None)]	7	Section VII	https://www.sacred-texts.com/hin/m15/m15007.htm
15	[(13, None, None)]	8	Section VIII	https://www.sacred-texts.com/hin/m15/m15008.htm
15	[(14, None, None)]	9	Section IX	https://www.sacred-texts.com/hin/m15/m15009.htm
15	[(15, None, None), (16, None, None)]	10	Section X	https://www.sacred-texts.com/hin/m15/m15010.htm
15	[(17, None, None)]	11	Section XI	https://www.sacred-texts.com/hin/m15/m15011.htm
15	[(18, None, None)]	12	Section XII	https://www.sacred-texts.com/hin/m15/m15012.htm
15	[(19, None, None)]	13	Section XIII	https://www.sacred-texts.com/hin/m15/m15013.htm
15	[(20, None, None)]	14	Section XIV	https://www.sacred-texts.com/hin/m15/m15014.htm
15	[(21, None, None)]	15	Section XV	https://www.sacred-texts.com/hin/m15/m15015.htm
15	[(22, None, None)]	16	Section XVI	https://www.sacred-texts.com/hin/m15/m15016.htm
15	[(23, None, None)]	17	Section XVII	https://www.sacred-texts.com/hin/m15/m15017.htm
15	[(24, None, None)]	18	Section XVIII	https://www.sacred-texts.com/hin/m15/m15018.htm
15	[(25, None, None)]	19	Section XIX	https://www.sacred-texts.com/hin/m15/m15019.htm
15	[(26, None, None), (27, None, None)]	20	Section XX	https://www.sacred-texts.com/hin/m15/m15020.htm
15	[(28, None, None)]	21	Section XXI	https://www.sacred-texts.com/hin/m15/m15021.htm
15	[(29, None, None)]	22	Section XXII	https://www.sacred-texts.com/hin/m15/m15022.htm
15	[(30, None, None)]	23	Section XXIII	https://www.sacred-texts.com/hin/m15/m15023.htm
15	[(31, None, None)]	24	Section XXIV	https://www.sacred-texts.com/hin/m15/m15024.htm
15	[(32, None, None)]	25	Section XXV	https://www.sacred-texts.com/hin/m15/m15025.htm
15	[(33, None, None)]	26	Section XXVI	https://www.sacred-texts.com/hin/m15/m15026.htm
15	[(34, None, None)]	27	Section XXVII	https://www.sacred-texts.com/hin/m15/m15027.htm
15	[(35, None, None)]	28	Section XXVIII	https://www.sacred-texts.com/hin/m15/m15028.htm
15	[(36, None, None), (37, None, None)]	29	Section XXIX	https://www.sacred-texts.com/hin/m15/m15029.htm
15	[(38, None, None)]	30	Section XXX	https://www.sacred-texts.com/hin/m15/m15030.htm
15	[(39, None, None)]	31	Section XXXI	https://www.sacred-texts.com/hin/m15/m15031.htm
15	[(40, None, None)]	32	Section XXXII	https://www.sacred-texts.com/hin/m15/m15032.htm
15	[(41, None, None)]	33	Section XXXIII	https://www.sacred-texts.com/hin/m15/m15033.htm
15	[(42, None, None)]	34	Section XXXIV	https://www.sacred-texts.com/hin/m15/m15034.htm
15	[(43, None, None)]	35	Section XXXV	https://www.sacred-texts.com/hin/m15/m15035.htm
15	[(44, None, None)]	36	Section XXXVI	https://www.sacred-texts.com/hin/m15/m15036.htm
15	[(45, None, None)]	37	Section XXXVII	https://www.sacred-texts.com/hin/m15/m15037.htm
15	[(46, None, None)]	38	Section XXXVIII	https://www.sacred-texts.com/hin/m15/m15038.htm
15	[(47, None, None)]	39	Section XXXIX	https://www.sacred-texts.com/hin/m15/m15039.htm
16	[(1, None, None), (2, None, None)]	1	Section 1	https://www.sacred-texts.com/hin/m16/m16001.htm
16	[(3, None, None)]	2	Section 2	https://www.sacred-texts.com/hin/m16/m16002.htm
16	[(4, None, None)]	3	Section 3	https://www.sacred-texts.com/hin/m16/m16003.htm
16	[(5, None, None)]	4	Section 4	https://www.sacred-texts.com/hin/m16/m16004.htm
16	[(6, None, None)]	5	Section 5	https://www.sacred-texts.com/hin/m16/m16005.htm
16	[(7, None, None)]	6	Section 6	https://www.sacred-texts.com/hin/m16/m16006.htm
16	[(8, None, None)]	7	Section 7	https://www.sacred-texts.com/hin/m16/m16007.htm
16	[(9, None, None)]	8	Section 8	https://www.sacred-texts.com/hin/m16/m16008.htm
17	[(1, None, None)]	1	Section 1	https://www.sacred-texts.com/hin/m17/m17001.htm
17	[(2, None, None)]	2	Section 2	https://www.sacred-texts.com/hin/m17/m17002.htm
17	[(3, None, None)]	3	Section 3	https://www.sacred-texts.com/hin/m17/m17003.htm
18	[(1, None, None)]	1	Section 1	https://www.sacred-texts.com/hin/m18/m18001.htm
18	[(2, None, None)]	2	Section 2	https://www.sacred-texts.com/hin/m18/m18002.htm
18	[(3, None, None)]	3	Section 3	https://www.sacred-texts.com/hin/m18/m18003.htm
18	[(4, None, None)]	4	Section 4	https://www.sacred-texts.com/hin/m18/m18004.htm
18	[(5, None, None)]	5	Section 5	https://www.sacred-texts.com/hin/m18/m18005.htm
18	[]	6	Section 6	https://www.sacred-texts.com/hin/m18/m18006.htm
